[10Aug2025 02:30:21.728] [main/INFO] [cpw.mods.modlauncher.Launcher/MODLAUNCHER]: ModLauncher running: args [--launchTarget, forgeserver, --fml.forgeVersion, 47.3.7, --fml.mcVersion, 1.20.1, --fml.forgeGroup, net.minecraftforge, --fml.mcpVersion, 20230612.114412, nogui]
[10Aug2025 02:30:21.732] [main/INFO] [cpw.mods.modlauncher.Launcher/MODLAUNCHER]: ModLauncher 10.0.9+10.0.9+main.dcd20f30 starting: java version 17.0.15 by Ubuntu; OS Linux arch amd64 version 6.8.0-1030-azure
[10Aug2025 02:30:23.916] [main/INFO] [net.minecraftforge.fml.loading.ImmediateWindowHandler/]: ImmediateWindowProvider not loading because launch target is forgeserver
[10Aug2025 02:30:23.972] [main/INFO] [mixin/]: SpongePowered MIXIN Subsystem Version=0.8.5 Source=union:/workspaces/fantastic-dollop/servidor_minecraft/libraries/org/spongepowered/mixin/0.8.5/mixin-0.8.5.jar%2365!/ Service=ModLauncher Env=SERVER
[10Aug2025 02:30:24.475] [main/WARN] [net.minecraftforge.fml.loading.moddiscovery.ModFileParser/LOADING]: Mod file /workspaces/fantastic-dollop/servidor_minecraft/libraries/net/minecraftforge/fmlcore/1.20.1-47.3.7/fmlcore-1.20.1-47.3.7.jar is missing mods.toml file
[10Aug2025 02:30:24.476] [main/WARN] [net.minecraftforge.fml.loading.moddiscovery.ModFileParser/LOADING]: Mod file /workspaces/fantastic-dollop/servidor_minecraft/libraries/net/minecraftforge/javafmllanguage/1.20.1-47.3.7/javafmllanguage-1.20.1-47.3.7.jar is missing mods.toml file
[10Aug2025 02:30:24.477] [main/WARN] [net.minecraftforge.fml.loading.moddiscovery.ModFileParser/LOADING]: Mod file /workspaces/fantastic-dollop/servidor_minecraft/libraries/net/minecraftforge/lowcodelanguage/1.20.1-47.3.7/lowcodelanguage-1.20.1-47.3.7.jar is missing mods.toml file
[10Aug2025 02:30:24.478] [main/WARN] [net.minecraftforge.fml.loading.moddiscovery.ModFileParser/LOADING]: Mod file /workspaces/fantastic-dollop/servidor_minecraft/libraries/net/minecraftforge/mclanguage/1.20.1-47.3.7/mclanguage-1.20.1-47.3.7.jar is missing mods.toml file
[10Aug2025 02:30:24.909] [main/WARN] [net.minecraftforge.jarjar.selection.JarSelector/]: Attempted to select two dependency jars from JarJar which have the same identification: Mod File:  and Mod File: . Using Mod File: 
[10Aug2025 02:30:24.911] [main/INFO] [net.minecraftforge.fml.loading.moddiscovery.JarInJarDependencyLocator/]: Found 21 dependencies adding them to mods collection
[10Aug2025 02:30:29.108] [main/INFO] [mixin/]: Compatibility level set to JAVA_17
[10Aug2025 02:30:29.689] [main/INFO] [mixin/]: Successfully loaded Mixin Connector [ca.spottedleaf.starlight.mixin.MixinConnector]
[10Aug2025 02:30:29.690] [main/INFO] [cpw.mods.modlauncher.LaunchServiceHandler/MODLAUNCHER]: Launching target 'forgeserver' with arguments [nogui]
[10Aug2025 02:30:29.841] [main/INFO] [ModernFix/]: Loaded configuration file for ModernFix 5.23.1+mc1.20.1: 95 options available, 0 override(s) found
[10Aug2025 02:30:29.842] [main/INFO] [ModernFix/]: Applying Nashorn fix
[10Aug2025 02:30:29.869] [main/INFO] [ModernFix/]: Applied Forge config corruption patch
[10Aug2025 02:30:29.963] [main/WARN] [mixin/]: Reference map 'mixins.dried_ghast.refmap.json' for mixins.dried_ghast.json could not be read. If this is a development environment you can ignore this message
[10Aug2025 02:30:30.022] [main/WARN] [mixin/]: Reference map 'handcrafted-forge-1.20.1-forge-refmap.json' for handcrafted.mixins.json could not be read. If this is a development environment you can ignore this message
[10Aug2025 02:30:30.042] [main/WARN] [mixin/]: Reference map 'yungsextras.refmap.json' for yungsextras.mixins.json could not be read. If this is a development environment you can ignore this message
[10Aug2025 02:30:30.046] [main/WARN] [mixin/]: Reference map 'yungsextras.refmap.json' for yungsextras_forge.mixins.json could not be read. If this is a development environment you can ignore this message
[10Aug2025 02:30:30.103] [main/WARN] [mixin/]: Reference map 'smallships-forge-refmap.json' for smallships.mixins.json could not be read. If this is a development environment you can ignore this message
[10Aug2025 02:30:30.110] [main/WARN] [mixin/]: Reference map 'mixins.luminous_nether.refmap.json' for mixins.luminous_nether.json could not be read. If this is a development environment you can ignore this message
[10Aug2025 02:30:30.135] [main/WARN] [mixin/]: Reference map 'sittingplus.refmap.json' for sittingplus.mixins.json could not be read. If this is a development environment you can ignore this message
[10Aug2025 02:30:30.196] [main/WARN] [mixin/]: Reference map 'puzzlesaccessapi.common.refmap.json' for puzzlesaccessapi.common.mixins.json could not be read. If this is a development environment you can ignore this message
[10Aug2025 02:30:30.273] [main/WARN] [mixin/]: Reference map 'mes-forge-refmap.json' for mes-forge.mixins.json could not be read. If this is a development environment you can ignore this message
[10Aug2025 02:30:30.287] [main/WARN] [mixin/]: Reference map 'coroutil.refmap.json' for coroutil.mixins.json could not be read. If this is a development environment you can ignore this message
[10Aug2025 02:30:30.324] [main/WARN] [mixin/]: Reference map 'apexcore.refmap.json' for apexcore.mixins.json could not be read. If this is a development environment you can ignore this message
[10Aug2025 02:30:30.347] [main/INFO] [Puzzles Lib/]: Loading 168 mods:
	- aes 1.0.0
	- alltheleaks 0.1.4-beta+1.20.1-forge
		\-- mixinsquared 0.2.0
	- amendments 1.20-1.2.19
	- animatedmobsmod 1.0.0
	- architectury 9.2.14
	- argentinas_delight 1.3
	- astikorcarts 1.1.8
	- athena 3.1.2
	- atistructures 1.4.0
	- balm 7.3.34
		\-- kuma_api 20.1.10
	- bettercombat 1.8.6+1.20.1
	- betterdeserttemples 1.20-Forge-3.0.3
	- betterdungeons 1.20-Forge-4.0.4
	- betterendisland 1.20-Forge-2.0.6
	- betterfortresses 1.20-Forge-2.0.6
	- betterjungletemples 1.20-Forge-2.0.5
	- bettermineshafts 1.20-Forge-4.0.4
	- betteroceanmonuments 1.20-Forge-3.0.4
	- betterstrongholds 1.20-Forge-4.0.3
	- bettervillage 3.3.1
	- betterwitchhuts 1.20-Forge-3.0.3
	- bfendcities 1.0
	- blueprint 7.1.3
	- breezy 1.2.1
	- carbonconfig 1.20-1.2.7.1
	- carryon 2.1.2.7
		\-- mixinextras 0.2.0-beta.6
	- cavesanddepths 1.2.7
	- chipped 3.0.7
	- chunkpregen 1.20-4.4.4
	- chunky 1.3.146
	- citadel 2.6.2
	- cloth_config 11.1.136
	- combatroll 1.3.3+1.20.1
	- connectivity 1.20.1-7.1
	- coroutil 1.20.1-1.3.7
	- cosmeticarmorreworked 1.20.1-v1a
	- creativecore 2.12.32
	- cristellib 1.1.6
	- ctm 1.20.1-1.1.10
	- cupboard 1.20.1-2.7
	- curios 5.14.1+1.20.1
	- days_in_the_middle_ages 0.0.5
	- dried_ghast 1.0.0
	- dungeons_and_combat 1.1.8
	- dungeons_arise 2.1.58-1.20.x
	- dungeons_enhanced 5.4.2
	- dynamiclights 1.20.1.2
	- easyanvils 8.0.2
	- easymagic 8.0.1
	- enchantmentmachine 1.1.4
	- ends_delight 2.5.1+forge.1.20.1
	- entityculling 1.7.4
	- fallingtree 4.3.4
	- fantasyfurniture 9.0.0
		|-- apexcore 10.0.0
		\-- commonality 7.0.0
	- farmers_structures 1.0.0
	- farmersdelight 1.20.1-1.2.8
	- farsight_view 1.20.1-3.7
	- fastasyncworldsave 1.20.1-2.4
	- ferritecore 6.0.1
	- forge 47.3.7
	- framework 0.7.15
	- fusion 1.2.7+b
	- geckolib 4.7
	- glitchcore 0.0.1.1
	- goblintraders 1.9.3
	- handcrafted 3.0.6
	- hexerei 1.20.1-0.4.2.3
	- hoporp 1.3.7
	- iceandfire 2.1.13-1.20.1
	- immersive_weathering 1.20.1-2.0.5
	- inventoryhud 3.4.26
	- jade 11.12.3+forge
	- jei 15.20.0.106
	- jeresources 1.4.0.247
	- kiwi 11.8.31+forge
	- konkrete 1.8.0
	- ksyxis 1.3.3
	- legendary_monsters 1.20.1
	- libraryferret 4.0.0
	- luminous_nether 1.2.7
	- magistuarmory 9.23
	- mca 7.6.10+1.20.1
	- mcwbridges 3.1.0
	- mcwwindows 2.3.0
	- medieval_buildings 1.1.2
	- medieval_paintings 7.0
	- melody 1.0.2
	- mes 1.3.4-1.20-forge
	- minecraft 1.20.1
	- modernfix 5.23.1+mc1.20.1
	- moonlight 1.20-2.14.8
	- mousetweaks 2.25.1
	- mr_limesplatus_ending 1-v1.1.0c
	- mr_tidal_towns 1.3.4
	- mynethersdelight 1.20.1-1.7.5
	- myserveriscompatible 1.0
	- naturalist 5.0pre3
		\-- midnightlib 1.4.2
	- nefdecomod 2.0
	- nerb 0.4.1
	- nethers_exoticism 1.2.9
	- noisium 2.3.0+mc1.20-1.20.1
	- nordic_structures 1.6.9
	- notenoughanimations 1.9.3
	- oceanic_delight 1.0.3
	- oceanicrealms 1.0.5
	- octolib 0.5.0.1
	- outer_end 1.0.8
	- overweight_farming 1.20.1-2.1.0-forge
	- paraglider 20.1.3
	- patchouli 1.20.1-84.1-FORGE
	- pizzacraft 7.0.8
	- playeranimator 1.0.2-rc1+1.20
	- puzzleslib 8.1.32
		\-- puzzlesaccessapi 20.1.1
	- radiantgear 2.2.0+1.20.1
	- rechiseled 1.1.6
	- rechiseled_chipped 1.2
	- resourcefullib 2.1.29
	- ribbits 1.20.1-Forge-3.0.4
	- rusticdelight 1.4.1
	- sawmill 1.20-1.4.7
	- sereneseasons 9.1.0.2
	- sittingplus 2.0.5
	- skinrestorer 2.3.4+1.20-forge
	- skyvillages 1.0.4
	- smallships 2.0.0-b1.4
	- smoothchunk 1.20.1-4.1
	- snowrealmagic 10.6.2
		|-- fabric_api_base 0.4.31+ef105b4977
		|-- fabric_renderer_api_v1 3.2.1+1d29b44577
		\-- fabric_renderer_indigo 1.5.2+b5b2da4177
	- some_assembly_required 1.20.1-4.2.0
	- sophisticatedbackpacks 3.22.5.1179
	- sophisticatedcore 1.2.69.1005
	- sophisticatedstorage 1.3.49.1167
	- soul_like_armors_reworked 140
	- spartanshields 3.1.1
	- spartanweaponry 3.1.3
	- starlight 1.1.2+forge.1cda73c
	- structure_gel 2.16.2
	- supermartijn642configlib 1.1.8
	- supermartijn642corelib 1.1.18
	- supplementaries 1.20-3.1.31
	- t_and_t 0.0NONE
	- takesapillage 1.0.3
	- tectonic 2.4.1
	- tombstone 8.9.8
	- toughasnails 9.2.0.171
	- universalbonemeal 8.0.1
	- voicechat 1.20.1-2.5.30
	- wardrobe 1.0.3.1
	- watut 1.20.1-1.2.3
	- waystones 14.1.17
	- wolm 1.0.2
	- workers 1.7.9.1
	- worldedit 7.2.15+6463-5ca4dff
	- wwoo_forge 2.0.0
	- xaerominimap 25.2.6
	- xaeroworldmap 1.39.9
	- yungsapi 1.20-Forge-4.0.6
	- yungsbridges 1.20-Forge-4.0.3
	- yungsextras 1.20-Forge-4.0.3
[10Aug2025 02:30:30.365] [main/WARN] [mixin/]: Reference map 'cristellib-forge-refmap.json' for cristellib.mixins.json could not be read. If this is a development environment you can ignore this message
[10Aug2025 02:30:31.145] [main/ERROR] [net.minecraftforge.fml.loading.RuntimeDistCleaner/DISTXFORM]: Attempted to load class net/minecraft/client/resources/model/ModelBakery$ModelBakerImpl for invalid dist DEDICATED_SERVER
[10Aug2025 02:30:31.145] [main/WARN] [mixin/]: Error loading class: net/minecraft/client/resources/model/ModelBakery$ModelBakerImpl (java.lang.RuntimeException: Attempted to load class net/minecraft/client/resources/model/ModelBakery$ModelBakerImpl for invalid dist DEDICATED_SERVER)
[10Aug2025 02:30:31.145] [main/WARN] [mixin/]: @Mixin target net/minecraft/client/resources/model/ModelBakery$ModelBakerImpl was not found ctm.mixins.json:TextureScrapingMixin
[10Aug2025 02:30:34.814] [main/INFO] [dev.uncandango.alltheleaks.AllTheLeaks/]: Skipping issue ItemStackCreationStatistics from mod jei as it's dev only!
[10Aug2025 02:30:34.815] [main/INFO] [dev.uncandango.alltheleaks.AllTheLeaks/]: Class dev.uncandango.alltheleaks.leaks.common.mods.travelersbackpack.UntrackedIssue002 will NOT be loaded as mod travelersbackpack is not present
[10Aug2025 02:30:34.816] [main/INFO] [dev.uncandango.alltheleaks.AllTheLeaks/]: Class dev.uncandango.alltheleaks.leaks.common.mods.travelersbackpack.UntrackedIssue001 will NOT be loaded as mod travelersbackpack is not present
[10Aug2025 02:30:34.816] [main/INFO] [dev.uncandango.alltheleaks.AllTheLeaks/]: Class dev.uncandango.alltheleaks.leaks.common.mods.toolbelt.UntrackedIssue001 will NOT be loaded as mod toolbelt is not present
[10Aug2025 02:30:34.816] [main/INFO] [dev.uncandango.alltheleaks.AllTheLeaks/]: Class dev.uncandango.alltheleaks.leaks.common.mods.tfcthermaldeposits.UntrackedIssue001 will NOT be loaded as mod tfcthermaldeposits is not present
[10Aug2025 02:30:34.817] [main/INFO] [dev.uncandango.alltheleaks.AllTheLeaks/]: Class dev.uncandango.alltheleaks.leaks.common.mods.smallships.UntrackedIssue001 will be loaded as it matches versions: 2.0.0-b1.4 in [2.0.0-b1.4,)
[10Aug2025 02:30:34.817] [main/INFO] [dev.uncandango.alltheleaks.AllTheLeaks/]: Mixins added to allowed list: [main.ChunkMapMixin]
[10Aug2025 02:30:34.817] [main/INFO] [dev.uncandango.alltheleaks.AllTheLeaks/]: Class dev.uncandango.alltheleaks.leaks.common.mods.sereneseasons.UntrackedIssue001 will be loaded as it matches versions: 9.1.0.2 in [9.1.0.0,)
[10Aug2025 02:30:34.818] [main/INFO] [dev.uncandango.alltheleaks.AllTheLeaks/]: Class dev.uncandango.alltheleaks.leaks.common.mods.railcraft.UntrackedIssue001 will NOT be loaded as mod railcraft is not present
[10Aug2025 02:30:34.818] [main/INFO] [dev.uncandango.alltheleaks.AllTheLeaks/]: Class dev.uncandango.alltheleaks.leaks.common.mods.pneumaticcraft.UntrackedIssue001 will NOT be loaded as mod pneumaticcraft is not present
[10Aug2025 02:30:34.819] [main/INFO] [dev.uncandango.alltheleaks.AllTheLeaks/]: Class dev.uncandango.alltheleaks.leaks.common.mods.phosphophyllite.UntrackedIssue001 will NOT be loaded as mod phosphophyllite is not present
[10Aug2025 02:30:34.819] [main/INFO] [dev.uncandango.alltheleaks.AllTheLeaks/]: Class dev.uncandango.alltheleaks.leaks.common.mods.occultism.UntrackedIssue001 will NOT be loaded as mod occultism is not present
[10Aug2025 02:30:34.819] [main/INFO] [dev.uncandango.alltheleaks.AllTheLeaks/]: Class dev.uncandango.alltheleaks.leaks.common.mods.moonlight.UntrackedIssue001 will be loaded as it matches versions: 1.20-2.14.8 in [1.20-2.13.32,)
[10Aug2025 02:30:34.819] [main/INFO] [dev.uncandango.alltheleaks.AllTheLeaks/]: Mixins added to allowed list: [main.FakeLevelManagerMixin]
[10Aug2025 02:30:34.819] [main/INFO] [dev.uncandango.alltheleaks.AllTheLeaks/]: Class dev.uncandango.alltheleaks.leaks.common.mods.minecraft.UntrackedIssue002 will be loaded as it matches versions: 1.20.1 in 1.20.1
[10Aug2025 02:30:34.819] [main/INFO] [dev.uncandango.alltheleaks.AllTheLeaks/]: Mixins added to allowed list: [main.EntityTickListMixin]
[10Aug2025 02:30:34.819] [main/INFO] [dev.uncandango.alltheleaks.AllTheLeaks/]: Class dev.uncandango.alltheleaks.leaks.common.mods.minecraft.UntrackedIssue001 will be loaded as it matches versions: 1.20.1 in 1.20.1
[10Aug2025 02:30:34.820] [main/INFO] [dev.uncandango.alltheleaks.AllTheLeaks/]: Class dev.uncandango.alltheleaks.leaks.common.mods.irons_spellbooks.UntrackedIssue001 will NOT be loaded as mod irons_spellbooks is not present
[10Aug2025 02:30:34.820] [main/INFO] [dev.uncandango.alltheleaks.AllTheLeaks/]: Class dev.uncandango.alltheleaks.leaks.common.mods.forge.UntrackedIssue003 will be loaded as it matches versions: 47.3.7 in [47.2,)
[10Aug2025 02:30:34.820] [main/INFO] [dev.uncandango.alltheleaks.AllTheLeaks/]: Class dev.uncandango.alltheleaks.leaks.common.mods.forge.UntrackedIssue002 will be loaded as it matches versions: 47.3.7 in [47.2,)
[10Aug2025 02:30:34.820] [main/INFO] [dev.uncandango.alltheleaks.AllTheLeaks/]: Mixins added to allowed list: [accessor.FakePlayerNetHandlerAccessor, accessor.ConnectionAccessor]
[10Aug2025 02:30:34.820] [main/INFO] [dev.uncandango.alltheleaks.AllTheLeaks/]: Class dev.uncandango.alltheleaks.leaks.common.mods.forge.UntrackedIssue001 will be loaded as it matches versions: 47.3.7 in [47.2,)
[10Aug2025 02:30:34.821] [main/INFO] [dev.uncandango.alltheleaks.AllTheLeaks/]: Mixins added to allowed list: [main.ServerPlayerMixin, main.PlayerListMixin]
[10Aug2025 02:30:34.821] [main/INFO] [dev.uncandango.alltheleaks.AllTheLeaks/]: Class dev.uncandango.alltheleaks.leaks.common.mods.forbidden_arcanus.UntrackedIssue001 will NOT be loaded as mod forbidden_arcanus is not present
[10Aug2025 02:30:34.821] [main/INFO] [dev.uncandango.alltheleaks.AllTheLeaks/]: Class dev.uncandango.alltheleaks.leaks.common.mods.domesticationinnovation.UntrackedIssue001 will NOT be loaded as mod domesticationinnovation is not present
[10Aug2025 02:30:34.821] [main/INFO] [dev.uncandango.alltheleaks.AllTheLeaks/]: Class dev.uncandango.alltheleaks.leaks.common.mods.curios.UntrackedIssue001 will be loaded as it matches versions: 5.14.1+1.20.1 in [5.9.1,)
[10Aug2025 02:30:34.821] [main/INFO] [dev.uncandango.alltheleaks.AllTheLeaks/]: Mixins added to allowed list: [main.CuriosEventHandlerMixin]
[10Aug2025 02:30:34.822] [main/INFO] [dev.uncandango.alltheleaks.AllTheLeaks/]: Class dev.uncandango.alltheleaks.leaks.common.mods.createaddition.UntrackedIssue001 will NOT be loaded as mod createaddition is not present
[10Aug2025 02:30:34.822] [main/INFO] [dev.uncandango.alltheleaks.AllTheLeaks/]: Class dev.uncandango.alltheleaks.leaks.common.mods.create.UntrackedIssue001 will NOT be loaded as mod create is not present
[10Aug2025 02:30:34.823] [main/INFO] [dev.uncandango.alltheleaks.AllTheLeaks/]: Class dev.uncandango.alltheleaks.leaks.common.mods.citadel.UntrackedIssue001 will be loaded as it matches versions: 2.6.2 in [2.5.4,)
[10Aug2025 02:30:34.823] [main/INFO] [dev.uncandango.alltheleaks.AllTheLeaks/]: Class dev.uncandango.alltheleaks.leaks.common.mods.betterf3.UntrackedIssue001 will NOT be loaded as mod betterf3 is not present
[10Aug2025 02:30:34.823] [main/INFO] [dev.uncandango.alltheleaks.AllTheLeaks/]: Class dev.uncandango.alltheleaks.leaks.common.mods.badpackets.UntrackedIssue001 will NOT be loaded as mod badpackets is not present
[10Aug2025 02:30:34.824] [main/INFO] [dev.uncandango.alltheleaks.AllTheLeaks/]: Class dev.uncandango.alltheleaks.leaks.common.mods.ars_nouveau.UntrackedIssue002 will NOT be loaded as mod ars_nouveau is not present
[10Aug2025 02:30:34.824] [main/INFO] [dev.uncandango.alltheleaks.AllTheLeaks/]: Class dev.uncandango.alltheleaks.leaks.common.mods.ars_nouveau.UntrackedIssue001 will NOT be loaded as mod ars_nouveau is not present
[10Aug2025 02:30:34.824] [main/INFO] [dev.uncandango.alltheleaks.AllTheLeaks/]: Class dev.uncandango.alltheleaks.leaks.common.mods.architectury.UntrackedIssue001 will be loaded as it matches versions: 9.2.14 in [9.0.8,)
[10Aug2025 02:30:34.824] [main/INFO] [dev.uncandango.alltheleaks.AllTheLeaks/]: Class dev.uncandango.alltheleaks.leaks.common.mods.alexsmobs.Issue2165 will NOT be loaded as mod alexsmobs is not present
[10Aug2025 02:30:34.824] [main/INFO] [dev.uncandango.alltheleaks.AllTheLeaks/]: Class dev.uncandango.alltheleaks.leaks.common.mods.aether.UntrackedIssue001 will NOT be loaded as mod aether is not present
[10Aug2025 02:30:34.825] [main/INFO] [dev.uncandango.alltheleaks.AllTheLeaks/]: Class dev.uncandango.alltheleaks.leaks.common.mods.ae2wtlib.UntrackedIssue001 will NOT be loaded as mod ae2wtlib is not present
[10Aug2025 02:30:34.825] [main/INFO] [dev.uncandango.alltheleaks.AllTheLeaks/]: Skipping issue [untracked] from mod twilightforest as it is client side only!
[10Aug2025 02:30:34.825] [main/INFO] [dev.uncandango.alltheleaks.AllTheLeaks/]: Skipping issue [untracked] from mod travelersbackpack as it is client side only!
[10Aug2025 02:30:34.825] [main/INFO] [dev.uncandango.alltheleaks.AllTheLeaks/]: Skipping issue [untracked] from mod tombstone as it is client side only!
[10Aug2025 02:30:34.825] [main/INFO] [dev.uncandango.alltheleaks.AllTheLeaks/]: Skipping issue [untracked] from mod sereneseasons as it is client side only!
[10Aug2025 02:30:34.826] [main/INFO] [dev.uncandango.alltheleaks.AllTheLeaks/]: Skipping issue [untracked] from mod pneumaticcraft as it is client side only!
[10Aug2025 02:30:34.826] [main/INFO] [dev.uncandango.alltheleaks.AllTheLeaks/]: Skipping issue [untracked] from mod nuclearcraft as it is client side only!
[10Aug2025 02:30:34.826] [main/INFO] [dev.uncandango.alltheleaks.AllTheLeaks/]: Skipping issue [untracked] from mod mowziesmobs as it is client side only!
[10Aug2025 02:30:34.827] [main/INFO] [dev.uncandango.alltheleaks.AllTheLeaks/]: Skipping issue [untracked] from mod mowziesmobs as it is client side only!
[10Aug2025 02:30:34.827] [main/INFO] [dev.uncandango.alltheleaks.AllTheLeaks/]: Skipping issue [untracked] from mod mousetweaks as it is client side only!
[10Aug2025 02:30:34.828] [main/INFO] [dev.uncandango.alltheleaks.AllTheLeaks/]: Skipping issue [untracked] from mod mna as it is client side only!
[10Aug2025 02:30:34.828] [main/INFO] [dev.uncandango.alltheleaks.AllTheLeaks/]: Skipping issue [untracked] from mod minecraft as it is client side only!
[10Aug2025 02:30:34.828] [main/INFO] [dev.uncandango.alltheleaks.AllTheLeaks/]: Skipping issue [untracked] from mod minecraft as mod modernfix is present!
[10Aug2025 02:30:34.828] [main/INFO] [dev.uncandango.alltheleaks.AllTheLeaks/]: Skipping issue [untracked] from mod minecolonies as it is client side only!
[10Aug2025 02:30:34.828] [main/INFO] [dev.uncandango.alltheleaks.AllTheLeaks/]: Skipping issue [untracked] from mod minecolonies as it is client side only!
[10Aug2025 02:30:34.829] [main/INFO] [dev.uncandango.alltheleaks.AllTheLeaks/]: Skipping issue [untracked] from mod ldlib as it is client side only!
[10Aug2025 02:30:34.829] [main/INFO] [dev.uncandango.alltheleaks.AllTheLeaks/]: Skipping issue [untracked] from mod journeymap as it is client side only!
[10Aug2025 02:30:34.829] [main/INFO] [dev.uncandango.alltheleaks.AllTheLeaks/]: Skipping issue [untracked] from mod jeresources as it is client side only!
[10Aug2025 02:30:34.829] [main/INFO] [dev.uncandango.alltheleaks.AllTheLeaks/]: Skipping issue [untracked] from mod jei as it is client side only!
[10Aug2025 02:30:34.829] [main/INFO] [dev.uncandango.alltheleaks.AllTheLeaks/]: Skipping issue [untracked] from mod jei as it is client side only!
[10Aug2025 02:30:34.829] [main/INFO] [dev.uncandango.alltheleaks.AllTheLeaks/]: Skipping issue [untracked] from mod irons_spellbooks as it is client side only!
[10Aug2025 02:30:34.829] [main/INFO] [dev.uncandango.alltheleaks.AllTheLeaks/]: Skipping issue [untracked] from mod irons_spellbooks as it is client side only!
[10Aug2025 02:30:34.829] [main/INFO] [dev.uncandango.alltheleaks.AllTheLeaks/]: Skipping issue [untracked] from mod iceberg as it is client side only!
[10Aug2025 02:30:34.829] [main/INFO] [dev.uncandango.alltheleaks.AllTheLeaks/]: Skipping issue [untracked] from mod iceberg as it is client side only!
[10Aug2025 02:30:34.830] [main/INFO] [dev.uncandango.alltheleaks.AllTheLeaks/]: Skipping issue [untracked] from mod iceberg as it is client side only!
[10Aug2025 02:30:34.830] [main/INFO] [dev.uncandango.alltheleaks.AllTheLeaks/]: Skipping issue [untracked] from mod geckolib as it is client side only!
[10Aug2025 02:30:34.830] [main/INFO] [dev.uncandango.alltheleaks.AllTheLeaks/]: Skipping issue [untracked] from mod ftblibrary as it is client side only!
[10Aug2025 02:30:34.830] [main/INFO] [dev.uncandango.alltheleaks.AllTheLeaks/]: Skipping issue [untracked] from mod flywheel as it is client side only!
[10Aug2025 02:30:34.830] [main/INFO] [dev.uncandango.alltheleaks.AllTheLeaks/]: Skipping issue [untracked] from mod findme as it is client side only!
[10Aug2025 02:30:34.830] [main/INFO] [dev.uncandango.alltheleaks.AllTheLeaks/]: Skipping issue [untracked] from mod entity_texture_features as it is client side only!
[10Aug2025 02:30:34.830] [main/INFO] [dev.uncandango.alltheleaks.AllTheLeaks/]: Skipping issue [untracked] from mod entity_model_features as it is client side only!
[10Aug2025 02:30:34.831] [main/INFO] [dev.uncandango.alltheleaks.AllTheLeaks/]: Skipping issue [untracked] from mod emi_loot as it is client side only!
[10Aug2025 02:30:34.831] [main/INFO] [dev.uncandango.alltheleaks.AllTheLeaks/]: Skipping issue [untracked] from mod emi as it is client side only!
[10Aug2025 02:30:34.831] [main/INFO] [dev.uncandango.alltheleaks.AllTheLeaks/]: Skipping issue [untracked] from mod easy_villagers as it is client side only!
[10Aug2025 02:30:34.831] [main/INFO] [dev.uncandango.alltheleaks.AllTheLeaks/]: Skipping issue [untracked] from mod difficultylock as it is client side only!
[10Aug2025 02:30:34.831] [main/INFO] [dev.uncandango.alltheleaks.AllTheLeaks/]: Skipping issue [untracked] from mod cyclopscore as it is client side only!
[10Aug2025 02:30:34.832] [main/INFO] [dev.uncandango.alltheleaks.AllTheLeaks/]: Skipping issue [untracked] from mod corpse as it is client side only!
[10Aug2025 02:30:34.832] [main/INFO] [dev.uncandango.alltheleaks.AllTheLeaks/]: Skipping issue [untracked] from mod citadel as it is client side only!
[10Aug2025 02:30:34.832] [main/INFO] [dev.uncandango.alltheleaks.AllTheLeaks/]: Skipping issue [untracked] from mod blue_skies as it is client side only!
[10Aug2025 02:30:34.832] [main/INFO] [dev.uncandango.alltheleaks.AllTheLeaks/]: Skipping issue [untracked] from mod beansbackpacks as it is client side only!
[10Aug2025 02:30:34.832] [main/INFO] [dev.uncandango.alltheleaks.AllTheLeaks/]: Skipping issue [untracked] from mod badpackets as it is client side only!
[10Aug2025 02:30:34.832] [main/INFO] [dev.uncandango.alltheleaks.AllTheLeaks/]: Skipping issue [untracked] from mod ae2wtlib as it is client side only!
[10Aug2025 02:30:34.832] [main/INFO] [dev.uncandango.alltheleaks.AllTheLeaks/]: Skipping issue [untracked] from mod ae2wtlib as it is client side only!
[10Aug2025 02:30:34.832] [main/INFO] [dev.uncandango.alltheleaks.AllTheLeaks/]: Class dev.uncandango.alltheleaks.fix.common.mods.modernfix.CancelRLMixin will be loaded as it matches versions: 5.23.1+mc1.20.1 in [5.0.0,)
[10Aug2025 02:30:34.833] [main/INFO] [dev.uncandango.alltheleaks.AllTheLeaks/]: Mixins added to cancel list: [org.embeddedt.modernfix.common.mixin.perf.deduplicate_location.MixinResourceLocation]
[10Aug2025 02:30:34.836] [main/INFO] [dev.uncandango.alltheleaks.AllTheLeaks/]: Skipping feature ResourceLocation Deduplication from mod minecraft as it's feature flag is not activated!
[10Aug2025 02:30:34.837] [main/INFO] [dev.uncandango.alltheleaks.AllTheLeaks/]: Skipping feature Ingredient Deduplication from mod minecraft as it's feature flag is not activated!
[10Aug2025 02:30:34.837] [main/INFO] [dev.uncandango.alltheleaks.AllTheLeaks/]: Skipping feature Prevent Search Ignored Items from mod jei as it's feature flag is not activated!
[10Aug2025 02:30:34.941] [main/WARN] [mixin/]: Error loading class: com/simibubi/create/content/fluids/spout/FillingBySpout (java.lang.ClassNotFoundException: com.simibubi.create.content.fluids.spout.FillingBySpout)
[10Aug2025 02:30:35.203] [main/INFO] [MixinExtras|Service/]: Initializing MixinExtras via com.llamalad7.mixinextras.service.MixinExtrasServiceImpl(version=0.4.1).
[10Aug2025 02:30:35.853] [main/INFO] [net.minecraft.server.Bootstrap/]: ModernFix reached bootstrap stage (16.57 s after launch)
[10Aug2025 02:30:35.988] [main/WARN] [mixin/]: @Final field delegatesByName:Ljava/util/Map; in modernfix-forge.mixins.json:perf.forge_registry_alloc.ForgeRegistryMixin should be final
[10Aug2025 02:30:35.989] [main/WARN] [mixin/]: @Final field delegatesByValue:Ljava/util/Map; in modernfix-forge.mixins.json:perf.forge_registry_alloc.ForgeRegistryMixin should be final
[10Aug2025 02:30:36.134] [main/INFO] [ModernFix/]: Injecting BlockStateBase cache population hook into getOpacityIfCached from ca.spottedleaf.starlight.mixin.common.blockstate.BlockStateBaseMixin
[10Aug2025 02:30:36.134] [main/INFO] [ModernFix/]: Injecting BlockStateBase cache population hook into isConditionallyFullOpaque from ca.spottedleaf.starlight.mixin.common.blockstate.BlockStateBaseMixin
[10Aug2025 02:30:37.872] [main/INFO] [net.minecraft.server.Bootstrap/]: Vanilla bootstrap took 2015 milliseconds
[10Aug2025 02:30:40.858] [main/WARN] [mixin/]: Static binding violation: PRIVATE @Overwrite method m_47505_ in modernfix-common.mixins.json:perf.remove_biome_temperature_cache.BiomeMixin cannot reduce visibiliy of PUBLIC target method, visibility will be upgraded.
[10Aug2025 02:30:41.433] [modloading-worker-0/INFO] [Puzzles Lib/]: Constructing common components for easyanvils:main
[10Aug2025 02:30:42.231] [modloading-worker-0/INFO] [snownee.snow.SnowRealMagic/]: SereneSeasons detected. Overriding weather behavior.
[10Aug2025 02:30:42.287] [modloading-worker-0/INFO] [de.keksuccino.melody.Melody/]: [MELODY] Disabling Melody since it's loaded server-side.
[10Aug2025 02:30:42.444] [modloading-worker-0/INFO] [de.keksuccino.konkrete.Konkrete/]: [KONKRETE] Successfully initialized!
[10Aug2025 02:30:42.444] [modloading-worker-0/INFO] [de.keksuccino.konkrete.Konkrete/]: [KONKRETE] Server-side libs ready to use!
[10Aug2025 02:30:42.994] [modloading-worker-0/WARN] [supermartijn642corelib/]: Mod 'Chipped' is requesting registration helper for different modid 'rechiseled_chipped'!
[10Aug2025 02:30:43.136] [modloading-worker-0/INFO] [workers/]: Registering POI for ResourceKey[minecraft:block / workers:miner_block]
[10Aug2025 02:30:43.139] [modloading-worker-0/INFO] [workers/]: Registering POI for ResourceKey[minecraft:block / workers:lumberjack_block]
[10Aug2025 02:30:43.139] [modloading-worker-0/INFO] [workers/]: Registering POI for ResourceKey[minecraft:block / workers:farmer_block]
[10Aug2025 02:30:43.139] [modloading-worker-0/INFO] [workers/]: Registering POI for ResourceKey[minecraft:block / workers:merchant_block]
[10Aug2025 02:30:43.140] [modloading-worker-0/INFO] [workers/]: Registering POI for ResourceKey[minecraft:block / workers:shepherd_block]
[10Aug2025 02:30:43.140] [modloading-worker-0/INFO] [workers/]: Registering POI for ResourceKey[minecraft:block / workers:fisherman_block]
[10Aug2025 02:30:43.140] [modloading-worker-0/INFO] [workers/]: Registering POI for ResourceKey[minecraft:block / workers:cattle_farmer_block]
[10Aug2025 02:30:43.141] [modloading-worker-0/INFO] [workers/]: Registering POI for ResourceKey[minecraft:block / workers:chicken_farmer_block]
[10Aug2025 02:30:43.141] [modloading-worker-0/INFO] [workers/]: Registering POI for ResourceKey[minecraft:block / workers:swineherd_block]
[10Aug2025 02:30:43.146] [modloading-worker-0/INFO] [workers/]: Registering profession for miner with POI net.minecraftforge.registries.RegistryObject@84ce06a
[10Aug2025 02:30:43.146] [modloading-worker-0/INFO] [workers/]: Registering profession for lumberjack with POI net.minecraftforge.registries.RegistryObject@2324e55
[10Aug2025 02:30:43.146] [modloading-worker-0/INFO] [workers/]: Registering profession for farmer with POI net.minecraftforge.registries.RegistryObject@b5b6294e
[10Aug2025 02:30:43.146] [modloading-worker-0/INFO] [workers/]: Registering profession for merchant with POI net.minecraftforge.registries.RegistryObject@e3fd43b3
[10Aug2025 02:30:43.146] [modloading-worker-0/INFO] [workers/]: Registering profession for shepherd with POI net.minecraftforge.registries.RegistryObject@dc7f439a
[10Aug2025 02:30:43.147] [modloading-worker-0/INFO] [workers/]: Registering profession for fisherman with POI net.minecraftforge.registries.RegistryObject@2b647820
[10Aug2025 02:30:43.147] [modloading-worker-0/INFO] [workers/]: Registering profession for cattle_farmer with POI net.minecraftforge.registries.RegistryObject@2fbf1d36
[10Aug2025 02:30:43.147] [modloading-worker-0/INFO] [workers/]: Registering profession for chicken_farmer with POI net.minecraftforge.registries.RegistryObject@8de71318
[10Aug2025 02:30:43.147] [modloading-worker-0/INFO] [workers/]: Registering profession for swineherd with POI net.minecraftforge.registries.RegistryObject@5a68aad6
[10Aug2025 02:30:43.175] [modloading-worker-0/INFO] [noisium/]: Loading Noisium.
[10Aug2025 02:30:43.349] [modloading-worker-0/INFO] [Spartan Weaponry/]: Constructing Mod: Spartan Weaponry
[10Aug2025 02:30:43.349] [modloading-worker-0/INFO] [Spartan Weaponry/]: Initialising API! Version: 11
[10Aug2025 02:30:43.353] [modloading-worker-0/INFO] [Spartan Weaponry/]: Spartan Weaponry API version 11 has been initalized!
[10Aug2025 02:30:43.431] [modloading-worker-0/INFO] [Chunk Pregenerator/]: Loading Plugin: [name=JourneyMap]
[10Aug2025 02:30:43.453] [modloading-worker-0/INFO] [dev.architectury.networking.forge.NetworkManagerImpl/]: Registering C2S receiver with id architectury:sync_ids
[10Aug2025 02:30:43.460] [modloading-worker-0/INFO] [com.cupboard.Cupboard/]: Loaded config for: cupboard.json
[10Aug2025 02:30:43.654] [modloading-worker-0/INFO] [de.cristelknight999.wwoo_forge.wwoo_forge/]: Enabling William Wythers' Overhauled Overworld [FORGE]
[10Aug2025 02:30:44.157] [modloading-worker-0/INFO] [snownee.kiwi.Kiwi/INIT]: Processing 6 KiwiModule annotations
[10Aug2025 02:30:44.275] [modloading-worker-0/INFO] [Puzzles Lib/]: Constructing common components for easymagic:main
[10Aug2025 02:30:44.292] [modloading-worker-0/INFO] [Puzzles Lib/]: Constructing common components for universalbonemeal:main
[10Aug2025 02:30:44.296] [modloading-worker-0/INFO] [com.jtorleonstudios.libraryferret.LibraryFerret/]: Initialize mod Library Ferret
[10Aug2025 02:30:44.319] [modloading-worker-0/INFO] [com.jtorleonstudios.libraryferret.LibraryFerret/]: Initialized mod Library Ferret
[10Aug2025 02:30:44.718] [modloading-worker-0/INFO] [coroutil/]: forge loader environment detected
[10Aug2025 02:30:44.743] [modloading-worker-0/INFO] [dev.architectury.networking.forge.NetworkManagerImpl/]: Registering C2S receiver with id magistuarmory:packet_long_reach_attack
[10Aug2025 02:30:44.744] [modloading-worker-0/INFO] [dev.architectury.networking.forge.NetworkManagerImpl/]: Registering C2S receiver with id magistuarmory:packet_lance_collision
[10Aug2025 02:30:44.794] [modloading-worker-0/INFO] [net.minecraftforge.common.ForgeMod/FORGEMOD]: Forge mod loading, version 47.3.7, for MC 1.20.1 with MCP 20230612.114412
[10Aug2025 02:30:44.794] [modloading-worker-0/INFO] [net.minecraftforge.common.MinecraftForge/FORGE]: MinecraftForge v47.3.7 Initialized
[10Aug2025 02:30:45.024] [modloading-worker-0/INFO] [STDOUT/]: [yalter.mousetweaks.Logger:Log:6]: [Mouse Tweaks] Disabled because not running on the client.
[10Aug2025 02:30:45.205] [modloading-worker-0/INFO] [xyz.apex.forge.commonality.Mods.CommonalityMod/]: Running Minecraft '1.20.1', & Forge '47.3.7' on Java '17.0.15, Ubuntu'
[10Aug2025 02:30:45.212] [modloading-worker-0/INFO] [TrustedSourceList/]: Loading BlackListed sources from remote... (https://api.stopmodreposts.org/minecraft/sites.txt)
[10Aug2025 02:30:45.500] [modloading-worker-0/INFO] [Ksyxis/]: Ksyxis: Booting... (platform: Forge, manual: false)
[10Aug2025 02:30:45.500] [modloading-worker-0/INFO] [Ksyxis/]: Ksyxis: Found Mixin library. (version: 0.8.5)
[10Aug2025 02:30:45.501] [modloading-worker-0/INFO] [Ksyxis/]: Ksyxis: Ready. As always, this mod will speed up your world loading and might or might not break it. (1 ms)
[10Aug2025 02:30:45.564] [modloading-worker-0/INFO] [Spartan Shields/]: Constructing Mod: Spartan Shields
[10Aug2025 02:30:45.624] [modloading-worker-0/INFO] [TrustedSourceList/]: Loaded 564 BlackListed sources from remote
[10Aug2025 02:30:45.624] [modloading-worker-0/INFO] [TrustManager/]: Loading mod 'commonality' TrustWorthiness...
[10Aug2025 02:30:45.625] [modloading-worker-0/FATAL] [TrustManager/]: Could not determine mod trust worthiness, Assuming Jar was downloaded from trusted source!
[10Aug2025 02:30:45.626] [modloading-worker-0/INFO] [TrustManager/]: Loaded mod 'commonality' TrustWorthiness: UNKNOWN
[10Aug2025 02:30:45.706] [modloading-worker-0/INFO] [toughasnails/]: Serene Seasons detected. Enabling season modifier.
[10Aug2025 02:30:45.725] [modloading-worker-0/INFO] [TrustManager/]: Loading mod 'apexcore' TrustWorthiness...
[10Aug2025 02:30:45.725] [modloading-worker-0/FATAL] [TrustManager/]: Could not determine mod trust worthiness, Assuming Jar was downloaded from trusted source!
[10Aug2025 02:30:45.725] [modloading-worker-0/INFO] [TrustManager/]: Loaded mod 'apexcore' TrustWorthiness: UNKNOWN
[10Aug2025 02:30:45.739] [modloading-worker-0/INFO] [TrustManager/]: Loading mod 'fantasyfurniture' TrustWorthiness...
[10Aug2025 02:30:45.739] [modloading-worker-0/FATAL] [TrustManager/]: Could not determine mod trust worthiness, Assuming Jar was downloaded from trusted source!
[10Aug2025 02:30:45.739] [modloading-worker-0/INFO] [TrustManager/]: Loaded mod 'fantasyfurniture' TrustWorthiness: UNKNOWN
[10Aug2025 02:30:45.926] [modloading-worker-0/INFO] [Puzzles Lib/]: Constructing common components for puzzleslib:main
[10Aug2025 02:30:47.491] [main/INFO] [snownee.kiwi.Kiwi/INIT]: Module [snowrealmagic:core] initialized
[10Aug2025 02:30:47.493] [main/INFO] [snownee.kiwi.Kiwi/INIT]: 		block: 7, block_entity_type: 2, entity_type: 1, loot_pool_entry_type: 1
[10Aug2025 02:30:47.493] [main/INFO] [snownee.kiwi.Kiwi/INIT]: Module [kiwi:block_templates] initialized
[10Aug2025 02:30:47.494] [main/INFO] [snownee.kiwi.Kiwi/INIT]: Module [kiwi:block_components] initialized
[10Aug2025 02:30:47.494] [main/INFO] [snownee.kiwi.Kiwi/INIT]: Module [kiwi:data] initialized
[10Aug2025 02:30:47.494] [main/INFO] [snownee.kiwi.Kiwi/INIT]: 		recipe_serializer: 3
[10Aug2025 02:30:47.495] [main/INFO] [snownee.kiwi.Kiwi/INIT]: Module [kiwi:item_templates] initialized
[10Aug2025 02:30:50.667] [main/INFO] [Moonlight/]: Initialized block sets in 46ms
[10Aug2025 02:30:51.099] [main/INFO] [ModernFix/]: Bypassed Mojang DFU
[10Aug2025 02:30:51.099] [main/INFO] [ModernFix/]: Instantiating Mojang DFU
[10Aug2025 02:30:52.070] [main/INFO] [ModdingLegacy/StructureGel/]: [structure_gel] Registering data for structure_gel:loot_table_alias
[10Aug2025 02:30:52.081] [main/INFO] [ModdingLegacy/StructureGel/]: [structure_gel] Registering data for structure_gel:data_handler_type
[10Aug2025 02:30:52.082] [main/INFO] [ModdingLegacy/StructureGel/]: [structure_gel] Registering data for structure_gel:dynamic_spawner
[10Aug2025 02:30:52.084] [main/INFO] [ModdingLegacy/StructureGel/]: [structure_gel] Registering data for structure_gel:jigsaw_type
[10Aug2025 02:30:52.231] [main/WARN] [net.minecraft.network.syncher.SynchedEntityData/]: defineId called for: class forge.net.mca.entity.VillagerEntityMCA from class forge.net.mca.util.network.datasync.CDataParameter
[10Aug2025 02:30:52.231] [main/WARN] [net.minecraft.network.syncher.SynchedEntityData/]: defineId called for: class forge.net.mca.entity.VillagerEntityMCA from class forge.net.mca.util.network.datasync.CDataParameter
[10Aug2025 02:30:52.231] [main/WARN] [net.minecraft.network.syncher.SynchedEntityData/]: defineId called for: class forge.net.mca.entity.VillagerEntityMCA from class forge.net.mca.util.network.datasync.CDataParameter
[10Aug2025 02:30:52.231] [main/WARN] [net.minecraft.network.syncher.SynchedEntityData/]: defineId called for: class forge.net.mca.entity.VillagerEntityMCA from class forge.net.mca.util.network.datasync.CDataParameter
[10Aug2025 02:30:52.232] [main/WARN] [net.minecraft.network.syncher.SynchedEntityData/]: defineId called for: class forge.net.mca.entity.VillagerEntityMCA from class forge.net.mca.util.network.datasync.CDataParameter
[10Aug2025 02:30:52.232] [main/WARN] [net.minecraft.network.syncher.SynchedEntityData/]: defineId called for: class forge.net.mca.entity.VillagerEntityMCA from class forge.net.mca.util.network.datasync.CDataParameter
[10Aug2025 02:30:52.232] [main/WARN] [net.minecraft.network.syncher.SynchedEntityData/]: defineId called for: class forge.net.mca.entity.VillagerEntityMCA from class forge.net.mca.util.network.datasync.CDataParameter
[10Aug2025 02:30:52.233] [main/WARN] [net.minecraft.network.syncher.SynchedEntityData/]: defineId called for: class forge.net.mca.entity.VillagerEntityMCA from class forge.net.mca.util.network.datasync.CEnumParameter
[10Aug2025 02:30:52.234] [main/WARN] [net.minecraft.network.syncher.SynchedEntityData/]: defineId called for: class forge.net.mca.entity.VillagerEntityMCA from class forge.net.mca.util.network.datasync.CDataParameter
[10Aug2025 02:30:52.234] [main/WARN] [net.minecraft.network.syncher.SynchedEntityData/]: defineId called for: class forge.net.mca.entity.VillagerEntityMCA from class forge.net.mca.util.network.datasync.CDataParameter
[10Aug2025 02:30:52.235] [main/WARN] [net.minecraft.network.syncher.SynchedEntityData/]: defineId called for: class forge.net.mca.entity.VillagerEntityMCA from class forge.net.mca.util.network.datasync.CDataParameter
[10Aug2025 02:30:52.235] [main/WARN] [net.minecraft.network.syncher.SynchedEntityData/]: defineId called for: class forge.net.mca.entity.VillagerEntityMCA from class forge.net.mca.util.network.datasync.CDataParameter
[10Aug2025 02:30:52.235] [main/WARN] [net.minecraft.network.syncher.SynchedEntityData/]: defineId called for: class forge.net.mca.entity.VillagerEntityMCA from class forge.net.mca.util.network.datasync.CDataParameter
[10Aug2025 02:30:52.235] [main/WARN] [net.minecraft.network.syncher.SynchedEntityData/]: defineId called for: class forge.net.mca.entity.VillagerEntityMCA from class forge.net.mca.util.network.datasync.CDataParameter
[10Aug2025 02:30:52.235] [main/WARN] [net.minecraft.network.syncher.SynchedEntityData/]: defineId called for: class forge.net.mca.entity.VillagerEntityMCA from class forge.net.mca.util.network.datasync.CDataParameter
[10Aug2025 02:30:52.235] [main/WARN] [net.minecraft.network.syncher.SynchedEntityData/]: defineId called for: class forge.net.mca.entity.VillagerEntityMCA from class forge.net.mca.util.network.datasync.CDataParameter
[10Aug2025 02:30:52.236] [main/WARN] [net.minecraft.network.syncher.SynchedEntityData/]: defineId called for: class forge.net.mca.entity.VillagerEntityMCA from class forge.net.mca.util.network.datasync.CDataParameter
[10Aug2025 02:30:52.236] [main/WARN] [net.minecraft.network.syncher.SynchedEntityData/]: defineId called for: class forge.net.mca.entity.VillagerEntityMCA from class forge.net.mca.util.network.datasync.CDataParameter
[10Aug2025 02:30:52.236] [main/WARN] [net.minecraft.network.syncher.SynchedEntityData/]: defineId called for: class forge.net.mca.entity.VillagerEntityMCA from class forge.net.mca.util.network.datasync.CDataParameter
[10Aug2025 02:30:52.236] [main/WARN] [net.minecraft.network.syncher.SynchedEntityData/]: defineId called for: class forge.net.mca.entity.VillagerEntityMCA from class forge.net.mca.util.network.datasync.CEnumParameter
[10Aug2025 02:30:52.236] [main/WARN] [net.minecraft.network.syncher.SynchedEntityData/]: defineId called for: class forge.net.mca.entity.VillagerEntityMCA from class forge.net.mca.util.network.datasync.CDataParameter
[10Aug2025 02:30:52.242] [main/WARN] [net.minecraft.network.syncher.SynchedEntityData/]: defineId called for: class forge.net.mca.entity.VillagerEntityMCA from class forge.net.mca.util.network.datasync.CDataParameter
[10Aug2025 02:30:52.242] [main/WARN] [net.minecraft.network.syncher.SynchedEntityData/]: defineId called for: class forge.net.mca.entity.VillagerEntityMCA from class forge.net.mca.util.network.datasync.CEnumParameter
[10Aug2025 02:30:52.242] [main/WARN] [net.minecraft.network.syncher.SynchedEntityData/]: defineId called for: class forge.net.mca.entity.VillagerEntityMCA from class forge.net.mca.util.network.datasync.CDataParameter
[10Aug2025 02:30:52.243] [main/WARN] [net.minecraft.network.syncher.SynchedEntityData/]: defineId called for: class forge.net.mca.entity.VillagerEntityMCA from class forge.net.mca.util.network.datasync.CEnumParameter
[10Aug2025 02:30:52.243] [main/WARN] [net.minecraft.network.syncher.SynchedEntityData/]: defineId called for: class forge.net.mca.entity.VillagerEntityMCA from class forge.net.mca.util.network.datasync.CEnumParameter
[10Aug2025 02:30:52.243] [main/WARN] [net.minecraft.network.syncher.SynchedEntityData/]: defineId called for: class forge.net.mca.entity.VillagerEntityMCA from class forge.net.mca.util.network.datasync.CDataParameter
[10Aug2025 02:30:52.243] [main/WARN] [net.minecraft.network.syncher.SynchedEntityData/]: defineId called for: class forge.net.mca.entity.VillagerEntityMCA from class forge.net.mca.util.network.datasync.CDataParameter
[10Aug2025 02:30:52.243] [main/WARN] [net.minecraft.network.syncher.SynchedEntityData/]: defineId called for: class forge.net.mca.entity.VillagerEntityMCA from class forge.net.mca.util.network.datasync.CDataParameter
[10Aug2025 02:30:52.243] [main/WARN] [net.minecraft.network.syncher.SynchedEntityData/]: defineId called for: class forge.net.mca.entity.VillagerEntityMCA from class forge.net.mca.util.network.datasync.CDataParameter
[10Aug2025 02:30:52.244] [main/WARN] [net.minecraft.network.syncher.SynchedEntityData/]: defineId called for: class forge.net.mca.entity.VillagerEntityMCA from class forge.net.mca.util.network.datasync.CDataParameter
[10Aug2025 02:30:52.245] [main/WARN] [net.minecraft.network.syncher.SynchedEntityData/]: defineId called for: class forge.net.mca.entity.VillagerEntityMCA from class forge.net.mca.util.network.datasync.CDataParameter
[10Aug2025 02:30:52.250] [main/WARN] [net.minecraft.network.syncher.SynchedEntityData/]: defineId called for: class forge.net.mca.entity.VillagerEntityMCA from class forge.net.mca.util.network.datasync.CDataParameter
[10Aug2025 02:30:52.250] [main/WARN] [net.minecraft.network.syncher.SynchedEntityData/]: defineId called for: class forge.net.mca.entity.VillagerEntityMCA from class forge.net.mca.util.network.datasync.CDataParameter
[10Aug2025 02:30:52.252] [main/WARN] [net.minecraft.network.syncher.SynchedEntityData/]: defineId called for: class forge.net.mca.entity.VillagerEntityMCA from class forge.net.mca.util.network.datasync.CDataParameter
[10Aug2025 02:30:52.252] [main/WARN] [net.minecraft.network.syncher.SynchedEntityData/]: defineId called for: class forge.net.mca.entity.VillagerEntityMCA from class forge.net.mca.util.network.datasync.CDataParameter
[10Aug2025 02:30:52.252] [main/WARN] [net.minecraft.network.syncher.SynchedEntityData/]: defineId called for: class forge.net.mca.entity.VillagerEntityMCA from class forge.net.mca.util.network.datasync.CDataParameter
[10Aug2025 02:30:52.254] [main/WARN] [net.minecraft.network.syncher.SynchedEntityData/]: defineId called for: class forge.net.mca.entity.GrimReaperEntity from class forge.net.mca.util.network.datasync.CEnumParameter
[10Aug2025 02:30:52.282] [main/WARN] [net.minecraft.network.syncher.SynchedEntityData/]: defineId called for: class net.miauczel.legendary_monsters.entity.AnimatedMonster.Mobs.Shulker_MimicEntity from class net.miauczel.legendary_monsters.entity.AnimatedMonster.Old.OldShulkerMimic
[10Aug2025 02:30:52.283] [main/WARN] [net.minecraft.network.syncher.SynchedEntityData/]: defineId called for: class net.miauczel.legendary_monsters.entity.AnimatedMonster.IAnimatedBoss.CloudGolem.Cloud_GolemEntity from class net.miauczel.legendary_monsters.entity.AnimatedMonster.OriginClasses.IAnimatedBoss
[10Aug2025 02:30:52.284] [main/WARN] [net.minecraft.network.syncher.SynchedEntityData/]: defineId called for: class net.miauczel.legendary_monsters.entity.AnimatedMonster.IAnimatedBoss.CloudGolem.Cloud_GolemEntity from class net.miauczel.legendary_monsters.entity.AnimatedMonster.OriginClasses.IAnimatedBoss
[10Aug2025 02:30:52.284] [main/WARN] [net.minecraft.network.syncher.SynchedEntityData/]: defineId called for: class net.miauczel.legendary_monsters.entity.AnimatedMonster.IAnimatedBoss.CloudGolem.Cloud_GolemEntity from class net.miauczel.legendary_monsters.entity.AnimatedMonster.OriginClasses.IAnimatedBoss
[10Aug2025 02:30:52.719] [main/INFO] [Spartan Shields/]: Loading config spartanshields-common.toml
[10Aug2025 02:30:52.877] [modloading-worker-0/INFO] [com.connectivity.Connectivity/]: Connectivity initialized
[10Aug2025 02:30:53.006] [modloading-worker-0/INFO] [workers/]: Villager Workers Messages registered
[10Aug2025 02:30:53.009] [modloading-worker-0/INFO] [Spartan Weaponry/]: Setting up Spartan Weaponry!
[10Aug2025 02:30:53.094] [modloading-worker-0/INFO] [com.farsight.FarsightMod/]: farsight_view mod initialized
[10Aug2025 02:30:53.118] [Forge Version Check/INFO] [net.minecraftforge.fml.VersionChecker/]: [easyanvils] Starting version check at https://raw.githubusercontent.com/Fuzss/modresources/main/update/easyanvils.json
[10Aug2025 02:30:53.124] [modloading-worker-0/INFO] [voicechat/]: [voicechat] Compatibility version 18
[10Aug2025 02:30:53.185] [Thread-0/INFO] [ModernFix/]: Please use /mfsrc to reload any changed mod config files
[10Aug2025 02:30:53.228] [modloading-worker-0/INFO] [voicechat/]: [voicechat] Loading plugins
[10Aug2025 02:30:53.243] [modloading-worker-0/INFO] [voicechat/]: [voicechat] Loaded 0 plugin(s)
[10Aug2025 02:30:53.244] [modloading-worker-0/INFO] [voicechat/]: [voicechat] Initializing plugins
[10Aug2025 02:30:53.244] [modloading-worker-0/INFO] [voicechat/]: [voicechat] Initialized 0 plugin(s)
[10Aug2025 02:30:53.246] [modloading-worker-0/INFO] [Spartan Shields/]: Setting up Spartan Shields!
[10Aug2025 02:30:53.344] [Forge Version Check/INFO] [net.minecraftforge.fml.VersionChecker/]: [easyanvils] Found status: UP_TO_DATE Current: 8.0.2 Target: null
[10Aug2025 02:30:53.345] [Forge Version Check/INFO] [net.minecraftforge.fml.VersionChecker/]: [mcwwindows] Starting version check at https://raw.githubusercontent.com/sketchmacaw/macawsmods/master/window.json
[10Aug2025 02:30:53.357] [Forge Version Check/INFO] [net.minecraftforge.fml.VersionChecker/]: [mcwwindows] Found status: OUTDATED Current: 2.3.0 Target: 2.4.0
[10Aug2025 02:30:53.357] [Forge Version Check/INFO] [net.minecraftforge.fml.VersionChecker/]: [supplementaries] Starting version check at https://raw.githubusercontent.com/MehVahdJukaar/Supplementaries/1.20/forge/update.json
[10Aug2025 02:30:53.370] [Forge Version Check/INFO] [net.minecraftforge.fml.VersionChecker/]: [supplementaries] Found status: BETA Current: 1.20-3.1.31 Target: null
[10Aug2025 02:30:53.370] [Forge Version Check/INFO] [net.minecraftforge.fml.VersionChecker/]: [structure_gel] Starting version check at http://changelogs.moddinglegacy.com/structure-gel.json
[10Aug2025 02:30:53.589] [modloading-worker-0/INFO] [com.sk89q.worldedit.extension.platform.PlatformManager/]: Got request to register class com.sk89q.worldedit.forge.ForgePlatform with WorldEdit [com.sk89q.worldedit.extension.platform.PlatformManager@38e7675f]
[10Aug2025 02:30:53.593] [modloading-worker-0/INFO] [com.sk89q.worldedit.forge.ForgeWorldEdit/]: WorldEdit for Forge (version 7.2.15+6463-5ca4dff) is loaded
[10Aug2025 02:30:53.644] [Forge Version Check/INFO] [net.minecraftforge.fml.VersionChecker/]: [structure_gel] Found status: BETA Current: 2.16.2 Target: null
[10Aug2025 02:30:53.644] [Forge Version Check/INFO] [net.minecraftforge.fml.VersionChecker/]: [mcwbridges] Starting version check at https://raw.githubusercontent.com/sketchmacaw/macawsmods/master/bridges.json
[10Aug2025 02:30:53.657] [Forge Version Check/INFO] [net.minecraftforge.fml.VersionChecker/]: [mcwbridges] Found status: UP_TO_DATE Current: 3.1.0 Target: null
[10Aug2025 02:30:53.657] [Forge Version Check/INFO] [net.minecraftforge.fml.VersionChecker/]: [dungeons_enhanced] Starting version check at https://raw.githubusercontent.com/Ametrin-Studios/DungeonsEnhanced/refs/heads/master/update.json
[10Aug2025 02:30:53.671] [Forge Version Check/INFO] [net.minecraftforge.fml.VersionChecker/]: [dungeons_enhanced] Found status: UP_TO_DATE Current: 5.4.2 Target: null
[10Aug2025 02:30:53.672] [Forge Version Check/INFO] [net.minecraftforge.fml.VersionChecker/]: [mr_tidal_towns] Starting version check at https://api.modrinth.com/updates/EEIwvQVo/forge_updates.json
[10Aug2025 02:30:53.719] [main/INFO] [ribbits/]: Registering Ribbit umbrella types...
[10Aug2025 02:30:53.720] [main/INFO] [ribbits/]: Registering Ribbit professions...
[10Aug2025 02:30:53.720] [main/INFO] [ribbits/]: Registering Ribbit instruments...
[10Aug2025 02:30:53.722] [main/INFO] [ribbits/]: Registering Ribbit data serializers...
[10Aug2025 02:30:53.756] [main/INFO] [Supplementaries/]: Finished mod setup in: [0, 3, 0, 1, 0, 0, 10, 9, 1] ms
[10Aug2025 02:30:53.862] [Forge Version Check/INFO] [net.minecraftforge.fml.VersionChecker/]: [mr_tidal_towns] Found status: OUTDATED Current: 1.3.4 Target: 1.3.4+mod
[10Aug2025 02:30:53.862] [Forge Version Check/INFO] [net.minecraftforge.fml.VersionChecker/]: [workers] Starting version check at https://raw.githubusercontent.com/talhanation/workers/main/update.json
[10Aug2025 02:30:53.875] [Forge Version Check/INFO] [net.minecraftforge.fml.VersionChecker/]: [workers] Found status: UP_TO_DATE Current: 1.7.9.1 Target: null
[10Aug2025 02:30:53.876] [Forge Version Check/INFO] [net.minecraftforge.fml.VersionChecker/]: [tombstone] Starting version check at https://raw.githubusercontent.com/Corail31/tombstone_lite/master/update.json
[10Aug2025 02:30:53.888] [Forge Version Check/INFO] [net.minecraftforge.fml.VersionChecker/]: [tombstone] Found status: OUTDATED Current: 8.9.8 Target: 9.0.6
[10Aug2025 02:30:53.889] [Forge Version Check/INFO] [net.minecraftforge.fml.VersionChecker/]: [mr_limesplatus_ending] Starting version check at https://api.modrinth.com/updates/MCnBYP0b/forge_updates.json
[10Aug2025 02:30:54.001] [main/INFO] [Moonlight/]: Initialized color sets in 149ms
[10Aug2025 02:30:54.155] [modloading-worker-0/INFO] [xaero.map.server.WorldMapServer/]: Loading Xaero's World Map - Stage 1/2 (Server)
[10Aug2025 02:30:54.156] [modloading-worker-0/INFO] [xaero.minimap.XaeroMinimap/]: Loading Xaero's Minimap - Stage 1/2 (Server)
[10Aug2025 02:30:54.182] [main/INFO] [xaero.map.server.WorldMapServer/]: Loading Xaero's World Map - Stage 2/2 (Server)
[10Aug2025 02:30:54.182] [main/INFO] [xaero.minimap.XaeroMinimap/]: Loading Xaero's Minimap - Stage 2/2 (Server)
[10Aug2025 02:30:54.253] [Forge Version Check/INFO] [net.minecraftforge.fml.VersionChecker/]: [mr_limesplatus_ending] Found status: OUTDATED Current: 1-v1.1.0c Target: 1.1.0c+mod
[10Aug2025 02:30:54.253] [Forge Version Check/INFO] [net.minecraftforge.fml.VersionChecker/]: [smallships] Starting version check at https://raw.githubusercontent.com/talhanation/smallships/main/update.json
[10Aug2025 02:30:54.269] [Forge Version Check/INFO] [net.minecraftforge.fml.VersionChecker/]: [smallships] Found status: UP_TO_DATE Current: 2.0.0-b1.4 Target: null
[10Aug2025 02:30:54.272] [Forge Version Check/INFO] [net.minecraftforge.fml.VersionChecker/]: [easymagic] Starting version check at https://raw.githubusercontent.com/Fuzss/modresources/main/update/easymagic.json
[10Aug2025 02:30:54.300] [Forge Version Check/INFO] [net.minecraftforge.fml.VersionChecker/]: [easymagic] Found status: UP_TO_DATE Current: 8.0.1 Target: null
[10Aug2025 02:30:54.301] [Forge Version Check/INFO] [net.minecraftforge.fml.VersionChecker/]: [universalbonemeal] Starting version check at https://raw.githubusercontent.com/Fuzss/modresources/main/update/universalbonemeal.json
[10Aug2025 02:30:54.313] [Forge Version Check/INFO] [net.minecraftforge.fml.VersionChecker/]: [universalbonemeal] Found status: UP_TO_DATE Current: 8.0.1 Target: null
[10Aug2025 02:30:54.313] [Forge Version Check/INFO] [net.minecraftforge.fml.VersionChecker/]: [goblintraders] Starting version check at https://mrcrayfish.com/modupdatejson?id=goblintraders
[10Aug2025 02:30:54.451] [Forge Version Check/WARN] [net.minecraftforge.fml.VersionChecker/]: Failed to process update information
com.google.gson.JsonSyntaxException: java.lang.IllegalStateException: Expected BEGIN_OBJECT but was STRING at line 1 column 1 path $
	at com.google.gson.Gson.fromJson(Gson.java:1226) ~[gson-2.10.jar%2372!/:?]
	at com.google.gson.Gson.fromJson(Gson.java:1124) ~[gson-2.10.jar%2372!/:?]
	at com.google.gson.Gson.fromJson(Gson.java:1034) ~[gson-2.10.jar%2372!/:?]
	at com.google.gson.Gson.fromJson(Gson.java:969) ~[gson-2.10.jar%2372!/:?]
	at net.minecraftforge.fml.VersionChecker$1.process(VersionChecker.java:183) ~[fmlcore-1.20.1-47.3.7.jar%23420!/:?]
	at java.lang.Iterable.forEach(Iterable.java:75) ~[?:?]
	at net.minecraftforge.fml.VersionChecker$1.run(VersionChecker.java:114) ~[fmlcore-1.20.1-47.3.7.jar%23420!/:?]
Caused by: java.lang.IllegalStateException: Expected BEGIN_OBJECT but was STRING at line 1 column 1 path $
	at com.google.gson.stream.JsonReader.beginObject(JsonReader.java:393) ~[gson-2.10.jar%2372!/:?]
	at com.google.gson.internal.bind.MapTypeAdapterFactory$Adapter.read(MapTypeAdapterFactory.java:182) ~[gson-2.10.jar%2372!/:?]
	at com.google.gson.internal.bind.MapTypeAdapterFactory$Adapter.read(MapTypeAdapterFactory.java:144) ~[gson-2.10.jar%2372!/:?]
	at com.google.gson.Gson.fromJson(Gson.java:1214) ~[gson-2.10.jar%2372!/:?]
	... 6 more
[10Aug2025 02:30:54.453] [Forge Version Check/INFO] [net.minecraftforge.fml.VersionChecker/]: [puzzlesaccessapi] Starting version check at https://raw.githubusercontent.com/Fuzss/modresources/main/update/puzzlesaccessapi.json
[10Aug2025 02:30:54.463] [Forge Version Check/INFO] [net.minecraftforge.fml.VersionChecker/]: [puzzlesaccessapi] Found status: BETA Current: 20.1.1 Target: null
[10Aug2025 02:30:54.464] [Forge Version Check/INFO] [net.minecraftforge.fml.VersionChecker/]: [forge] Starting version check at https://files.minecraftforge.net/net/minecraftforge/forge/promotions_slim.json
[10Aug2025 02:30:54.548] [modloading-worker-0/INFO] [Jade/]: Start loading plugin at net.blay09.mods.balm.forge.compat.hudinfo.ForgeJadeModCompat
[10Aug2025 02:30:54.549] [modloading-worker-0/INFO] [de.mennomax.astikorcarts.AstikorCarts/]: Automatic pull animal configuration:
pull_animals = [
    "minecraft:camel",
    "minecraft:donkey",
    "minecraft:horse",
    "minecraft:mule",
    "minecraft:skeleton_horse",
    "minecraft:zombie_horse",
    "minecraft:player",
    "naturalist:zebra",
    "iceandfire:hippocampus",
    "iceandfire:dread_horse"
  ]
[10Aug2025 02:30:54.558] [modloading-worker-0/INFO] [Jade/]: Start loading plugin at snownee.snow.compat.jade.JadeCompat
[10Aug2025 02:30:54.559] [modloading-worker-0/INFO] [Jade/]: Start loading plugin at net.mehvahdjukaar.supplementaries.integration.JadeCompat
[10Aug2025 02:30:54.561] [modloading-worker-0/INFO] [Jade/]: Start loading plugin at ovh.corail.tombstone.compatibility.IntegrationJade
[10Aug2025 02:30:54.561] [modloading-worker-0/INFO] [Jade/]: Start loading plugin at snownee.kiwi.customization.compat.jade.JadeCompat
[10Aug2025 02:30:54.562] [modloading-worker-0/INFO] [Jade/]: Start loading plugin at net.p3pp3rf1y.sophisticatedstorage.compat.jade.StorageJadePlugin
[10Aug2025 02:30:54.563] [modloading-worker-0/INFO] [Jade/]: Start loading plugin at net.blay09.mods.waystones.compat.JadeIntegration
[10Aug2025 02:30:54.563] [modloading-worker-0/INFO] [Jade/]: Start loading plugin at snownee.jade.addon.vanilla.VanillaPlugin
[10Aug2025 02:30:54.573] [modloading-worker-0/INFO] [Jade/]: Start loading plugin at snownee.jade.addon.universal.UniversalPlugin
[10Aug2025 02:30:54.577] [modloading-worker-0/INFO] [Jade/]: Start loading plugin at snownee.jade.addon.core.CorePlugin
[10Aug2025 02:30:54.578] [Forge Version Check/INFO] [net.minecraftforge.fml.VersionChecker/]: [forge] Found status: OUTDATED Current: 47.3.7 Target: 47.4.0
[10Aug2025 02:30:54.578] [Forge Version Check/INFO] [net.minecraftforge.fml.VersionChecker/]: [voicechat] Starting version check at https://update.maxhenkel.de/forge/voicechat
[10Aug2025 02:30:55.149] [Forge Version Check/INFO] [net.minecraftforge.fml.VersionChecker/]: [voicechat] Found status: OUTDATED Current: 1.20.1-2.5.30 Target: 1.20.1-2.5.36
[10Aug2025 02:30:55.149] [Forge Version Check/INFO] [net.minecraftforge.fml.VersionChecker/]: [moonlight] Starting version check at https://raw.githubusercontent.com/MehVahdJukaar/Moonlight/multi-loader/forge/update.json
[10Aug2025 02:30:55.157] [Forge Version Check/INFO] [net.minecraftforge.fml.VersionChecker/]: [moonlight] Found status: BETA Current: 1.20-2.14.8 Target: null
[10Aug2025 02:30:55.158] [Forge Version Check/INFO] [net.minecraftforge.fml.VersionChecker/]: [commonality] Starting version check at https://api.modrinth.com/updates/apexcore/forge_updates.json
[10Aug2025 02:30:55.217] [Forge Version Check/INFO] [net.minecraftforge.fml.VersionChecker/]: [commonality] Found status: OUTDATED Current: 7.0.0 Target: 10.0.0
[10Aug2025 02:30:55.217] [Forge Version Check/INFO] [net.minecraftforge.fml.VersionChecker/]: [days_in_the_middle_ages] Starting version check at https://raw.githubusercontent.com/PlayTics/playtics.github.io/main/update.json
[10Aug2025 02:30:55.226] [Forge Version Check/WARN] [net.minecraftforge.fml.VersionChecker/]: Failed to process update information
com.google.gson.JsonSyntaxException: java.lang.IllegalStateException: Expected BEGIN_OBJECT but was NUMBER at line 1 column 4 path $
	at com.google.gson.Gson.fromJson(Gson.java:1226) ~[gson-2.10.jar%2372!/:?]
	at com.google.gson.Gson.fromJson(Gson.java:1124) ~[gson-2.10.jar%2372!/:?]
	at com.google.gson.Gson.fromJson(Gson.java:1034) ~[gson-2.10.jar%2372!/:?]
	at com.google.gson.Gson.fromJson(Gson.java:969) ~[gson-2.10.jar%2372!/:?]
	at net.minecraftforge.fml.VersionChecker$1.process(VersionChecker.java:183) ~[fmlcore-1.20.1-47.3.7.jar%23420!/:?]
	at java.lang.Iterable.forEach(Iterable.java:75) ~[?:?]
	at net.minecraftforge.fml.VersionChecker$1.run(VersionChecker.java:114) ~[fmlcore-1.20.1-47.3.7.jar%23420!/:?]
Caused by: java.lang.IllegalStateException: Expected BEGIN_OBJECT but was NUMBER at line 1 column 4 path $
	at com.google.gson.stream.JsonReader.beginObject(JsonReader.java:393) ~[gson-2.10.jar%2372!/:?]
	at com.google.gson.internal.bind.MapTypeAdapterFactory$Adapter.read(MapTypeAdapterFactory.java:182) ~[gson-2.10.jar%2372!/:?]
	at com.google.gson.internal.bind.MapTypeAdapterFactory$Adapter.read(MapTypeAdapterFactory.java:144) ~[gson-2.10.jar%2372!/:?]
	at com.google.gson.Gson.fromJson(Gson.java:1214) ~[gson-2.10.jar%2372!/:?]
	... 6 more
[10Aug2025 02:30:55.226] [Forge Version Check/INFO] [net.minecraftforge.fml.VersionChecker/]: [ksyxis] Starting version check at https://raw.githubusercontent.com/VidTu/Ksyxis/main/updater_ksyxis_forge.json
[10Aug2025 02:30:55.235] [Forge Version Check/INFO] [net.minecraftforge.fml.VersionChecker/]: [ksyxis] Found status: OUTDATED Current: 1.3.3 Target: 1.3.4
[10Aug2025 02:30:55.236] [Forge Version Check/INFO] [net.minecraftforge.fml.VersionChecker/]: [inventoryhud] Starting version check at https://raw.githubusercontent.com/DmitryLovin/pluginUpdate/master/invupdate.json
[10Aug2025 02:30:55.245] [Forge Version Check/INFO] [net.minecraftforge.fml.VersionChecker/]: [inventoryhud] Found status: UP_TO_DATE Current: 3.4.26 Target: null
[10Aug2025 02:30:55.245] [Forge Version Check/INFO] [net.minecraftforge.fml.VersionChecker/]: [apexcore] Starting version check at https://api.modrinth.com/updates/apexcore/forge_updates.json
[10Aug2025 02:30:55.304] [Forge Version Check/INFO] [net.minecraftforge.fml.VersionChecker/]: [apexcore] Found status: UP_TO_DATE Current: 10.0.0 Target: null
[10Aug2025 02:30:55.304] [Forge Version Check/INFO] [net.minecraftforge.fml.VersionChecker/]: [fantasyfurniture] Starting version check at https://api.modrinth.com/updates/fantasy-furniture/forge_updates.json
[10Aug2025 02:30:55.347] [Forge Version Check/INFO] [net.minecraftforge.fml.VersionChecker/]: [fantasyfurniture] Found status: UP_TO_DATE Current: 9.0.0 Target: null
[10Aug2025 02:30:55.347] [Forge Version Check/INFO] [net.minecraftforge.fml.VersionChecker/]: [puzzleslib] Starting version check at https://raw.githubusercontent.com/Fuzss/modresources/main/update/puzzleslib.json
[10Aug2025 02:30:55.356] [Forge Version Check/INFO] [net.minecraftforge.fml.VersionChecker/]: [puzzleslib] Found status: UP_TO_DATE Current: 8.1.32 Target: null
[10Aug2025 02:30:55.356] [Forge Version Check/INFO] [net.minecraftforge.fml.VersionChecker/]: [pizzacraft] Starting version check at https://gist.githubusercontent.com/Tiviacz1337/b916e3981957f1e6f2de99ea0aa328fa/raw
[10Aug2025 02:30:55.369] [main/INFO] [com.mojang.authlib.yggdrasil.YggdrasilAuthenticationService/]: Environment: authHost='https://authserver.mojang.com', accountsHost='https://api.mojang.com', sessionHost='https://sessionserver.mojang.com', servicesHost='https://api.minecraftservices.com', name='PROD'
[10Aug2025 02:30:55.441] [Forge Version Check/INFO] [net.minecraftforge.fml.VersionChecker/]: [pizzacraft] Found status: UP_TO_DATE Current: 7.0.8 Target: null
[10Aug2025 02:30:56.124] [main/WARN] [net.minecraft.server.packs.VanillaPackResourcesBuilder/]: Assets URL 'union:/workspaces/fantastic-dollop/servidor_minecraft/libraries/net/minecraft/server/1.20.1-20230612.114412/server-1.20.1-20230612.114412-srg.jar%23419!/assets/.mcassetsroot' uses unexpected schema
[10Aug2025 02:30:56.125] [main/WARN] [net.minecraft.server.packs.VanillaPackResourcesBuilder/]: Assets URL 'union:/workspaces/fantastic-dollop/servidor_minecraft/libraries/net/minecraft/server/1.20.1-20230612.114412/server-1.20.1-20230612.114412-srg.jar%23419!/data/.mcassetsroot' uses unexpected schema
[10Aug2025 02:30:56.427] [main/INFO] [Moonlight/]: Generated runtime resources for 3 packs in a total of: 110 ms
[10Aug2025 02:30:57.265] [main/INFO] [com.teamabnormals.blueprint.core.Blueprint/]: Successfully loaded 0 data remolders!
[10Aug2025 02:30:58.066] [main/INFO] [bettervillage/]: StructureSet modified for minecraft:village : Now using custom village configuration (can be disabled in the better villages config: boolean.villages.enabled_custom_config).
[10Aug2025 02:30:59.647] [main/INFO] [com.sk89q.worldedit.extension.platform.PlatformCommandManager/]: Registering commands with com.sk89q.worldedit.forge.ForgePlatform
[10Aug2025 02:30:59.681] [main/INFO] [Spartan Weaponry/]: Finished registering commands for Spartan Weaponry!
[10Aug2025 02:30:59.964] [Worker-Main-2/ERROR] [net.minecraft.tags.TagLoader/]: Couldn't read tag list ati_structures:tavern from ati_structures:tags/worldgen/biome/tavern.json in data pack ATi Structures V1.4.0 (1.20+).jar
java.lang.NullPointerException: Cannot invoke "com.google.gson.JsonElement.getAsJsonPrimitive()" because "input" is null
	at com.mojang.serialization.JsonOps.convertTo(JsonOps.java:50) ~[datafixerupper-6.0.8.jar%2377!/:?]
	at com.mojang.serialization.JsonOps.convertTo(JsonOps.java:24) ~[datafixerupper-6.0.8.jar%2377!/:?]
	at com.supermartijn642.core.codec.CodecHelper$1.decode(CodecHelper.java:35) ~[supermartijn642corelib-1.1.18-forge-mc1.20.1.jar%23386!/:?]
	at com.mojang.serialization.codecs.EitherCodec.decode(EitherCodec.java:24) ~[datafixerupper-6.0.8.jar%2377!/:?]
	at com.mojang.serialization.Decoder$2.decode(Decoder.java:63) ~[datafixerupper-6.0.8.jar%2377!/:?]
	at com.mojang.serialization.Codec$2.decode(Codec.java:71) ~[datafixerupper-6.0.8.jar%2377!/:?]
	at com.mojang.serialization.codecs.ListCodec.lambda$decode$2(ListCodec.java:46) ~[datafixerupper-6.0.8.jar%2377!/:?]
	at com.mojang.serialization.JsonOps.lambda$getList$21(JsonOps.java:292) ~[datafixerupper-6.0.8.jar%2377!/:?]
	at com.mojang.serialization.codecs.ListCodec.lambda$decode$4(ListCodec.java:45) ~[datafixerupper-6.0.8.jar%2377!/:?]
	at com.mojang.serialization.DataResult.lambda$flatMap$11(DataResult.java:139) ~[datafixerupper-6.0.8.jar%2377!/:?]
	at com.mojang.datafixers.util.Either$Left.map(Either.java:38) ~[datafixerupper-6.0.8.jar%2377!/:?]
	at com.mojang.serialization.DataResult.flatMap(DataResult.java:137) ~[datafixerupper-6.0.8.jar%2377!/:?]
	at com.mojang.serialization.codecs.ListCodec.decode(ListCodec.java:39) ~[datafixerupper-6.0.8.jar%2377!/:?]
	at com.mojang.serialization.Decoder.parse(Decoder.java:18) ~[datafixerupper-6.0.8.jar%2377!/:?]
	at com.mojang.serialization.codecs.FieldDecoder.decode(FieldDecoder.java:29) ~[datafixerupper-6.0.8.jar%2377!/:?]
	at com.mojang.serialization.MapCodec$1.decode(MapCodec.java:34) ~[datafixerupper-6.0.8.jar%2377!/:?]
	at com.mojang.serialization.codecs.RecordCodecBuilder$Instance$5.decode(RecordCodecBuilder.java:323) ~[datafixerupper-6.0.8.jar%2377!/:?]
	at com.mojang.serialization.codecs.RecordCodecBuilder$2.decode(RecordCodecBuilder.java:107) ~[datafixerupper-6.0.8.jar%2377!/:?]
	at com.mojang.serialization.MapDecoder.lambda$compressedDecode$1(MapDecoder.java:52) ~[datafixerupper-6.0.8.jar%2377!/:?]
	at com.mojang.serialization.DataResult.lambda$flatMap$11(DataResult.java:139) ~[datafixerupper-6.0.8.jar%2377!/:?]
	at com.mojang.datafixers.util.Either$Left.map(Either.java:38) ~[datafixerupper-6.0.8.jar%2377!/:?]
	at com.mojang.serialization.DataResult.flatMap(DataResult.java:137) ~[datafixerupper-6.0.8.jar%2377!/:?]
	at com.mojang.serialization.MapDecoder.compressedDecode(MapDecoder.java:52) ~[datafixerupper-6.0.8.jar%2377!/:?]
	at com.mojang.serialization.MapCodec$MapCodecCodec.decode(MapCodec.java:91) ~[datafixerupper-6.0.8.jar%2377!/:?]
	at com.mojang.serialization.Decoder.decode(Decoder.java:22) ~[datafixerupper-6.0.8.jar%2377!/:?]
	at com.mojang.serialization.Decoder.parse(Decoder.java:26) ~[datafixerupper-6.0.8.jar%2377!/:?]
	at net.minecraft.tags.TagLoader.m_144495_(TagLoader.java:53) ~[server-1.20.1-20230612.114412-srg.jar%23419!/:?]
	at net.minecraft.tags.TagLoader.m_203900_(TagLoader.java:114) ~[server-1.20.1-20230612.114412-srg.jar%23419!/:?]
	at net.minecraft.tags.TagManager.m_203920_(TagManager.java:55) ~[server-1.20.1-20230612.114412-srg.jar%23419!/:?]
	at java.util.concurrent.CompletableFuture$AsyncSupply.run(CompletableFuture.java:1768) ~[?:?]
	at java.util.concurrent.CompletableFuture$AsyncSupply.exec(CompletableFuture.java:1760) ~[?:?]
	at java.util.concurrent.ForkJoinTask.doExec(ForkJoinTask.java:373) ~[?:?]
	at java.util.concurrent.ForkJoinPool$WorkQueue.topLevelExec(ForkJoinPool.java:1182) ~[?:?]
	at java.util.concurrent.ForkJoinPool.scan(ForkJoinPool.java:1655) ~[?:?]
	at java.util.concurrent.ForkJoinPool.runWorker(ForkJoinPool.java:1622) ~[?:?]
	at java.util.concurrent.ForkJoinWorkerThread.run(ForkJoinWorkerThread.java:165) ~[?:?]
[10Aug2025 02:31:01.127] [Worker-Main-2/ERROR] [net.minecraftforge.common.ForgeHooks/]: Couldn't parse element loot_tables:overweight_farming:blocks/peeled_overweight_ginger_block
com.google.gson.JsonSyntaxException: Expected name to be an item, was unknown string 'snowyspirit:ginger'
	at net.minecraft.util.GsonHelper.m_13866_(GsonHelper.java:145) ~[server-1.20.1-20230612.114412-srg.jar%23419!/:?]
	at java.util.Optional.orElseThrow(Optional.java:403) ~[?:?]
	at net.minecraft.util.GsonHelper.m_13874_(GsonHelper.java:145) ~[server-1.20.1-20230612.114412-srg.jar%23419!/:?]
	at net.minecraft.util.GsonHelper.m_13909_(GsonHelper.java:153) ~[server-1.20.1-20230612.114412-srg.jar%23419!/:?]
	at net.minecraft.world.level.storage.loot.entries.LootItem$Serializer.m_7267_(LootItem.java:55) ~[server-1.20.1-20230612.114412-srg.jar%23419!/:?]
	at net.minecraft.world.level.storage.loot.entries.LootItem$Serializer.m_7267_(LootItem.java:40) ~[server-1.20.1-20230612.114412-srg.jar%23419!/:?]
	at net.minecraft.world.level.storage.loot.entries.LootPoolSingletonContainer$Serializer.m_5921_(LootPoolSingletonContainer.java:151) ~[server-1.20.1-20230612.114412-srg.jar%23419!/:?]
	at net.minecraft.world.level.storage.loot.entries.LootPoolSingletonContainer$Serializer.m_5921_(LootPoolSingletonContainer.java:129) ~[server-1.20.1-20230612.114412-srg.jar%23419!/:?]
	at net.minecraft.world.level.storage.loot.entries.LootPoolEntryContainer$Serializer.m_7561_(LootPoolEntryContainer.java:86) ~[server-1.20.1-20230612.114412-srg.jar%23419!/:?]
	at net.minecraft.world.level.storage.loot.entries.LootPoolEntryContainer$Serializer.m_7561_(LootPoolEntryContainer.java:74) ~[server-1.20.1-20230612.114412-srg.jar%23419!/:?]
	at net.minecraft.world.level.storage.loot.GsonAdapterFactory$JsonAdapter.deserialize(GsonAdapterFactory.java:102) ~[server-1.20.1-20230612.114412-srg.jar%23419!/:?]
	at com.google.gson.internal.bind.TreeTypeAdapter.read(TreeTypeAdapter.java:76) ~[gson-2.10.jar%2372!/:?]
	at com.google.gson.internal.bind.TypeAdapterRuntimeTypeWrapper.read(TypeAdapterRuntimeTypeWrapper.java:40) ~[gson-2.10.jar%2372!/:?]
	at com.google.gson.internal.bind.ArrayTypeAdapter.read(ArrayTypeAdapter.java:72) ~[gson-2.10.jar%2372!/:?]
	at com.google.gson.Gson.fromJson(Gson.java:1214) ~[gson-2.10.jar%2372!/:?]
	at com.google.gson.Gson.fromJson(Gson.java:1319) ~[gson-2.10.jar%2372!/:?]
	at com.google.gson.Gson.fromJson(Gson.java:1290) ~[gson-2.10.jar%2372!/:?]
	at com.google.gson.internal.bind.TreeTypeAdapter$GsonContextImpl.deserialize(TreeTypeAdapter.java:179) ~[gson-2.10.jar%2372!/:?]
	at net.minecraft.util.GsonHelper.m_13808_(GsonHelper.java:463) ~[server-1.20.1-20230612.114412-srg.jar%23419!/:?]
	at net.minecraft.util.GsonHelper.m_13836_(GsonHelper.java:471) ~[server-1.20.1-20230612.114412-srg.jar%23419!/:?]
	at net.minecraft.world.level.storage.loot.entries.CompositeEntryBase$1.m_5921_(CompositeEntryBase.java:61) ~[server-1.20.1-20230612.114412-srg.jar%23419!/:?]
	at net.minecraft.world.level.storage.loot.entries.CompositeEntryBase$1.m_5921_(CompositeEntryBase.java:53) ~[server-1.20.1-20230612.114412-srg.jar%23419!/:?]
	at net.minecraft.world.level.storage.loot.entries.LootPoolEntryContainer$Serializer.m_7561_(LootPoolEntryContainer.java:86) ~[server-1.20.1-20230612.114412-srg.jar%23419!/:?]
	at net.minecraft.world.level.storage.loot.entries.LootPoolEntryContainer$Serializer.m_7561_(LootPoolEntryContainer.java:74) ~[server-1.20.1-20230612.114412-srg.jar%23419!/:?]
	at net.minecraft.world.level.storage.loot.GsonAdapterFactory$JsonAdapter.deserialize(GsonAdapterFactory.java:102) ~[server-1.20.1-20230612.114412-srg.jar%23419!/:?]
	at com.google.gson.internal.bind.TreeTypeAdapter.read(TreeTypeAdapter.java:76) ~[gson-2.10.jar%2372!/:?]
	at com.google.gson.internal.bind.TypeAdapterRuntimeTypeWrapper.read(TypeAdapterRuntimeTypeWrapper.java:40) ~[gson-2.10.jar%2372!/:?]
	at com.google.gson.internal.bind.ArrayTypeAdapter.read(ArrayTypeAdapter.java:72) ~[gson-2.10.jar%2372!/:?]
	at com.google.gson.Gson.fromJson(Gson.java:1214) ~[gson-2.10.jar%2372!/:?]
	at com.google.gson.Gson.fromJson(Gson.java:1319) ~[gson-2.10.jar%2372!/:?]
	at com.google.gson.Gson.fromJson(Gson.java:1290) ~[gson-2.10.jar%2372!/:?]
	at com.google.gson.internal.bind.TreeTypeAdapter$GsonContextImpl.deserialize(TreeTypeAdapter.java:179) ~[gson-2.10.jar%2372!/:?]
	at net.minecraft.util.GsonHelper.m_13808_(GsonHelper.java:463) ~[server-1.20.1-20230612.114412-srg.jar%23419!/:?]
	at net.minecraft.util.GsonHelper.m_13836_(GsonHelper.java:471) ~[server-1.20.1-20230612.114412-srg.jar%23419!/:?]
	at net.minecraft.world.level.storage.loot.entries.CompositeEntryBase$1.m_5921_(CompositeEntryBase.java:61) ~[server-1.20.1-20230612.114412-srg.jar%23419!/:?]
	at net.minecraft.world.level.storage.loot.entries.CompositeEntryBase$1.m_5921_(CompositeEntryBase.java:53) ~[server-1.20.1-20230612.114412-srg.jar%23419!/:?]
	at net.minecraft.world.level.storage.loot.entries.LootPoolEntryContainer$Serializer.m_7561_(LootPoolEntryContainer.java:86) ~[server-1.20.1-20230612.114412-srg.jar%23419!/:?]
	at net.minecraft.world.level.storage.loot.entries.LootPoolEntryContainer$Serializer.m_7561_(LootPoolEntryContainer.java:74) ~[server-1.20.1-20230612.114412-srg.jar%23419!/:?]
	at net.minecraft.world.level.storage.loot.GsonAdapterFactory$JsonAdapter.deserialize(GsonAdapterFactory.java:102) ~[server-1.20.1-20230612.114412-srg.jar%23419!/:?]
	at com.google.gson.internal.bind.TreeTypeAdapter.read(TreeTypeAdapter.java:76) ~[gson-2.10.jar%2372!/:?]
	at com.google.gson.internal.bind.TypeAdapterRuntimeTypeWrapper.read(TypeAdapterRuntimeTypeWrapper.java:40) ~[gson-2.10.jar%2372!/:?]
	at com.google.gson.internal.bind.ArrayTypeAdapter.read(ArrayTypeAdapter.java:72) ~[gson-2.10.jar%2372!/:?]
	at com.google.gson.Gson.fromJson(Gson.java:1214) ~[gson-2.10.jar%2372!/:?]
	at com.google.gson.Gson.fromJson(Gson.java:1319) ~[gson-2.10.jar%2372!/:?]
	at com.google.gson.Gson.fromJson(Gson.java:1290) ~[gson-2.10.jar%2372!/:?]
	at com.google.gson.internal.bind.TreeTypeAdapter$GsonContextImpl.deserialize(TreeTypeAdapter.java:179) ~[gson-2.10.jar%2372!/:?]
	at net.minecraft.util.GsonHelper.m_13808_(GsonHelper.java:463) ~[server-1.20.1-20230612.114412-srg.jar%23419!/:?]
	at net.minecraft.util.GsonHelper.m_13836_(GsonHelper.java:471) ~[server-1.20.1-20230612.114412-srg.jar%23419!/:?]
	at net.minecraft.world.level.storage.loot.LootPool$Serializer.deserialize(LootPool.java:192) ~[server-1.20.1-20230612.114412-srg.jar%23419!/:?]
	at net.minecraft.world.level.storage.loot.LootPool$Serializer.deserialize(LootPool.java:189) ~[server-1.20.1-20230612.114412-srg.jar%23419!/:?]
	at com.google.gson.internal.bind.TreeTypeAdapter.read(TreeTypeAdapter.java:76) ~[gson-2.10.jar%2372!/:?]
	at com.google.gson.internal.bind.TypeAdapterRuntimeTypeWrapper.read(TypeAdapterRuntimeTypeWrapper.java:40) ~[gson-2.10.jar%2372!/:?]
	at com.google.gson.internal.bind.ArrayTypeAdapter.read(ArrayTypeAdapter.java:72) ~[gson-2.10.jar%2372!/:?]
	at com.google.gson.Gson.fromJson(Gson.java:1214) ~[gson-2.10.jar%2372!/:?]
	at com.google.gson.Gson.fromJson(Gson.java:1319) ~[gson-2.10.jar%2372!/:?]
	at com.google.gson.Gson.fromJson(Gson.java:1290) ~[gson-2.10.jar%2372!/:?]
	at com.google.gson.internal.bind.TreeTypeAdapter$GsonContextImpl.deserialize(TreeTypeAdapter.java:179) ~[gson-2.10.jar%2372!/:?]
	at net.minecraft.util.GsonHelper.m_13808_(GsonHelper.java:463) ~[server-1.20.1-20230612.114412-srg.jar%23419!/:?]
	at net.minecraft.util.GsonHelper.m_13845_(GsonHelper.java:481) ~[server-1.20.1-20230612.114412-srg.jar%23419!/:?]
	at net.minecraft.world.level.storage.loot.LootTable$Serializer.deserialize(LootTable.java:294) ~[server-1.20.1-20230612.114412-srg.jar%23419!/:?]
	at net.minecraft.world.level.storage.loot.LootTable$Serializer.deserialize(LootTable.java:291) ~[server-1.20.1-20230612.114412-srg.jar%23419!/:?]
	at com.google.gson.internal.bind.TreeTypeAdapter.read(TreeTypeAdapter.java:76) ~[gson-2.10.jar%2372!/:?]
	at com.google.gson.Gson.fromJson(Gson.java:1214) ~[gson-2.10.jar%2372!/:?]
	at com.google.gson.Gson.fromJson(Gson.java:1319) ~[gson-2.10.jar%2372!/:?]
	at com.google.gson.Gson.fromJson(Gson.java:1261) ~[gson-2.10.jar%2372!/:?]
	at net.minecraftforge.common.ForgeHooks.loadLootTable(ForgeHooks.java:871) ~[forge-1.20.1-47.3.7-universal.jar%23424!/:?]
	at net.minecraftforge.common.ForgeHooks.lambda$getLootTableDeserializer$3(ForgeHooks.java:848) ~[forge-1.20.1-47.3.7-universal.jar%23424!/:?]
	at net.minecraft.world.level.storage.loot.LootDataType.deserialize(LootDataType.java:45) ~[server-1.20.1-20230612.114412-srg.jar%23419!/:?]
	at net.minecraft.world.level.storage.loot.LootDataManager.lambda$scheduleElementParse$4(LootDataManager.java:56) ~[server-1.20.1-20230612.114412-srg.jar%23419!/:?]
	at java.util.HashMap.forEach(HashMap.java:1421) ~[?:?]
	at net.minecraft.world.level.storage.loot.LootDataManager.m_278660_(LootDataManager.java:55) ~[server-1.20.1-20230612.114412-srg.jar%23419!/:?]
	at java.util.concurrent.CompletableFuture$AsyncRun.run(CompletableFuture.java:1804) ~[?:?]
	at java.util.concurrent.CompletableFuture$AsyncRun.exec(CompletableFuture.java:1796) ~[?:?]
	at java.util.concurrent.ForkJoinTask.doExec(ForkJoinTask.java:373) ~[?:?]
	at java.util.concurrent.ForkJoinPool$WorkQueue.topLevelExec(ForkJoinPool.java:1182) ~[?:?]
	at java.util.concurrent.ForkJoinPool.scan(ForkJoinPool.java:1655) ~[?:?]
	at java.util.concurrent.ForkJoinPool.runWorker(ForkJoinPool.java:1622) ~[?:?]
	at java.util.concurrent.ForkJoinWorkerThread.run(ForkJoinWorkerThread.java:165) ~[?:?]
[10Aug2025 02:31:01.142] [Worker-Main-2/ERROR] [net.minecraftforge.common.ForgeHooks/]: Couldn't parse element loot_tables:outer_end:blocks/azure_vertical_slab
java.lang.IllegalArgumentException: Can't find block outer_end:azure_vertical_slab
	at net.minecraft.world.level.storage.loot.predicates.LootItemBlockStatePropertyCondition$Serializer.m_81802_(LootItemBlockStatePropertyCondition.java:79) ~[server-1.20.1-20230612.114412-srg.jar%23419!/:?]
	at java.util.Optional.orElseThrow(Optional.java:403) ~[?:?]
	at net.minecraft.world.level.storage.loot.predicates.LootItemBlockStatePropertyCondition$Serializer.m_7561_(LootItemBlockStatePropertyCondition.java:79) ~[server-1.20.1-20230612.114412-srg.jar%23419!/:?]
	at net.minecraft.world.level.storage.loot.predicates.LootItemBlockStatePropertyCondition$Serializer.m_7561_(LootItemBlockStatePropertyCondition.java:68) ~[server-1.20.1-20230612.114412-srg.jar%23419!/:?]
	at net.minecraft.world.level.storage.loot.GsonAdapterFactory$JsonAdapter.deserialize(GsonAdapterFactory.java:102) ~[server-1.20.1-20230612.114412-srg.jar%23419!/:?]
	at com.google.gson.internal.bind.TreeTypeAdapter.read(TreeTypeAdapter.java:76) ~[gson-2.10.jar%2372!/:?]
	at com.google.gson.internal.bind.TypeAdapterRuntimeTypeWrapper.read(TypeAdapterRuntimeTypeWrapper.java:40) ~[gson-2.10.jar%2372!/:?]
	at com.google.gson.internal.bind.ArrayTypeAdapter.read(ArrayTypeAdapter.java:72) ~[gson-2.10.jar%2372!/:?]
	at com.google.gson.Gson.fromJson(Gson.java:1214) ~[gson-2.10.jar%2372!/:?]
	at com.google.gson.Gson.fromJson(Gson.java:1319) ~[gson-2.10.jar%2372!/:?]
	at com.google.gson.Gson.fromJson(Gson.java:1290) ~[gson-2.10.jar%2372!/:?]
	at com.google.gson.internal.bind.TreeTypeAdapter$GsonContextImpl.deserialize(TreeTypeAdapter.java:179) ~[gson-2.10.jar%2372!/:?]
	at net.minecraft.util.GsonHelper.m_13808_(GsonHelper.java:463) ~[server-1.20.1-20230612.114412-srg.jar%23419!/:?]
	at net.minecraft.util.GsonHelper.m_13845_(GsonHelper.java:481) ~[server-1.20.1-20230612.114412-srg.jar%23419!/:?]
	at net.minecraft.world.level.storage.loot.functions.LootItemConditionalFunction$Serializer.m_7561_(LootItemConditionalFunction.java:98) ~[server-1.20.1-20230612.114412-srg.jar%23419!/:?]
	at net.minecraft.world.level.storage.loot.functions.LootItemConditionalFunction$Serializer.m_7561_(LootItemConditionalFunction.java:88) ~[server-1.20.1-20230612.114412-srg.jar%23419!/:?]
	at net.minecraft.world.level.storage.loot.GsonAdapterFactory$JsonAdapter.deserialize(GsonAdapterFactory.java:102) ~[server-1.20.1-20230612.114412-srg.jar%23419!/:?]
	at com.google.gson.internal.bind.TreeTypeAdapter.read(TreeTypeAdapter.java:76) ~[gson-2.10.jar%2372!/:?]
	at com.google.gson.internal.bind.TypeAdapterRuntimeTypeWrapper.read(TypeAdapterRuntimeTypeWrapper.java:40) ~[gson-2.10.jar%2372!/:?]
	at com.google.gson.internal.bind.ArrayTypeAdapter.read(ArrayTypeAdapter.java:72) ~[gson-2.10.jar%2372!/:?]
	at com.google.gson.Gson.fromJson(Gson.java:1214) ~[gson-2.10.jar%2372!/:?]
	at com.google.gson.Gson.fromJson(Gson.java:1319) ~[gson-2.10.jar%2372!/:?]
	at com.google.gson.Gson.fromJson(Gson.java:1290) ~[gson-2.10.jar%2372!/:?]
	at com.google.gson.internal.bind.TreeTypeAdapter$GsonContextImpl.deserialize(TreeTypeAdapter.java:179) ~[gson-2.10.jar%2372!/:?]
	at net.minecraft.util.GsonHelper.m_13808_(GsonHelper.java:463) ~[server-1.20.1-20230612.114412-srg.jar%23419!/:?]
	at net.minecraft.util.GsonHelper.m_13845_(GsonHelper.java:481) ~[server-1.20.1-20230612.114412-srg.jar%23419!/:?]
	at net.minecraft.world.level.storage.loot.entries.LootPoolSingletonContainer$Serializer.m_5921_(LootPoolSingletonContainer.java:149) ~[server-1.20.1-20230612.114412-srg.jar%23419!/:?]
	at net.minecraft.world.level.storage.loot.entries.LootPoolSingletonContainer$Serializer.m_5921_(LootPoolSingletonContainer.java:129) ~[server-1.20.1-20230612.114412-srg.jar%23419!/:?]
	at net.minecraft.world.level.storage.loot.entries.LootPoolEntryContainer$Serializer.m_7561_(LootPoolEntryContainer.java:86) ~[server-1.20.1-20230612.114412-srg.jar%23419!/:?]
	at net.minecraft.world.level.storage.loot.entries.LootPoolEntryContainer$Serializer.m_7561_(LootPoolEntryContainer.java:74) ~[server-1.20.1-20230612.114412-srg.jar%23419!/:?]
	at net.minecraft.world.level.storage.loot.GsonAdapterFactory$JsonAdapter.deserialize(GsonAdapterFactory.java:102) ~[server-1.20.1-20230612.114412-srg.jar%23419!/:?]
	at com.google.gson.internal.bind.TreeTypeAdapter.read(TreeTypeAdapter.java:76) ~[gson-2.10.jar%2372!/:?]
	at com.google.gson.internal.bind.TypeAdapterRuntimeTypeWrapper.read(TypeAdapterRuntimeTypeWrapper.java:40) ~[gson-2.10.jar%2372!/:?]
	at com.google.gson.internal.bind.ArrayTypeAdapter.read(ArrayTypeAdapter.java:72) ~[gson-2.10.jar%2372!/:?]
	at com.google.gson.Gson.fromJson(Gson.java:1214) ~[gson-2.10.jar%2372!/:?]
	at com.google.gson.Gson.fromJson(Gson.java:1319) ~[gson-2.10.jar%2372!/:?]
	at com.google.gson.Gson.fromJson(Gson.java:1290) ~[gson-2.10.jar%2372!/:?]
	at com.google.gson.internal.bind.TreeTypeAdapter$GsonContextImpl.deserialize(TreeTypeAdapter.java:179) ~[gson-2.10.jar%2372!/:?]
	at net.minecraft.util.GsonHelper.m_13808_(GsonHelper.java:463) ~[server-1.20.1-20230612.114412-srg.jar%23419!/:?]
	at net.minecraft.util.GsonHelper.m_13836_(GsonHelper.java:471) ~[server-1.20.1-20230612.114412-srg.jar%23419!/:?]
	at net.minecraft.world.level.storage.loot.LootPool$Serializer.deserialize(LootPool.java:192) ~[server-1.20.1-20230612.114412-srg.jar%23419!/:?]
	at net.minecraft.world.level.storage.loot.LootPool$Serializer.deserialize(LootPool.java:189) ~[server-1.20.1-20230612.114412-srg.jar%23419!/:?]
	at com.google.gson.internal.bind.TreeTypeAdapter.read(TreeTypeAdapter.java:76) ~[gson-2.10.jar%2372!/:?]
	at com.google.gson.internal.bind.TypeAdapterRuntimeTypeWrapper.read(TypeAdapterRuntimeTypeWrapper.java:40) ~[gson-2.10.jar%2372!/:?]
	at com.google.gson.internal.bind.ArrayTypeAdapter.read(ArrayTypeAdapter.java:72) ~[gson-2.10.jar%2372!/:?]
	at com.google.gson.Gson.fromJson(Gson.java:1214) ~[gson-2.10.jar%2372!/:?]
	at com.google.gson.Gson.fromJson(Gson.java:1319) ~[gson-2.10.jar%2372!/:?]
	at com.google.gson.Gson.fromJson(Gson.java:1290) ~[gson-2.10.jar%2372!/:?]
	at com.google.gson.internal.bind.TreeTypeAdapter$GsonContextImpl.deserialize(TreeTypeAdapter.java:179) ~[gson-2.10.jar%2372!/:?]
	at net.minecraft.util.GsonHelper.m_13808_(GsonHelper.java:463) ~[server-1.20.1-20230612.114412-srg.jar%23419!/:?]
	at net.minecraft.util.GsonHelper.m_13845_(GsonHelper.java:481) ~[server-1.20.1-20230612.114412-srg.jar%23419!/:?]
	at net.minecraft.world.level.storage.loot.LootTable$Serializer.deserialize(LootTable.java:294) ~[server-1.20.1-20230612.114412-srg.jar%23419!/:?]
	at net.minecraft.world.level.storage.loot.LootTable$Serializer.deserialize(LootTable.java:291) ~[server-1.20.1-20230612.114412-srg.jar%23419!/:?]
	at com.google.gson.internal.bind.TreeTypeAdapter.read(TreeTypeAdapter.java:76) ~[gson-2.10.jar%2372!/:?]
	at com.google.gson.Gson.fromJson(Gson.java:1214) ~[gson-2.10.jar%2372!/:?]
	at com.google.gson.Gson.fromJson(Gson.java:1319) ~[gson-2.10.jar%2372!/:?]
	at com.google.gson.Gson.fromJson(Gson.java:1261) ~[gson-2.10.jar%2372!/:?]
	at net.minecraftforge.common.ForgeHooks.loadLootTable(ForgeHooks.java:871) ~[forge-1.20.1-47.3.7-universal.jar%23424!/:?]
	at net.minecraftforge.common.ForgeHooks.lambda$getLootTableDeserializer$3(ForgeHooks.java:848) ~[forge-1.20.1-47.3.7-universal.jar%23424!/:?]
	at net.minecraft.world.level.storage.loot.LootDataType.deserialize(LootDataType.java:45) ~[server-1.20.1-20230612.114412-srg.jar%23419!/:?]
	at net.minecraft.world.level.storage.loot.LootDataManager.lambda$scheduleElementParse$4(LootDataManager.java:56) ~[server-1.20.1-20230612.114412-srg.jar%23419!/:?]
	at java.util.HashMap.forEach(HashMap.java:1421) ~[?:?]
	at net.minecraft.world.level.storage.loot.LootDataManager.m_278660_(LootDataManager.java:55) ~[server-1.20.1-20230612.114412-srg.jar%23419!/:?]
	at java.util.concurrent.CompletableFuture$AsyncRun.run(CompletableFuture.java:1804) ~[?:?]
	at java.util.concurrent.CompletableFuture$AsyncRun.exec(CompletableFuture.java:1796) ~[?:?]
	at java.util.concurrent.ForkJoinTask.doExec(ForkJoinTask.java:373) ~[?:?]
	at java.util.concurrent.ForkJoinPool$WorkQueue.topLevelExec(ForkJoinPool.java:1182) ~[?:?]
	at java.util.concurrent.ForkJoinPool.scan(ForkJoinPool.java:1655) ~[?:?]
	at java.util.concurrent.ForkJoinPool.runWorker(ForkJoinPool.java:1622) ~[?:?]
	at java.util.concurrent.ForkJoinWorkerThread.run(ForkJoinWorkerThread.java:165) ~[?:?]
[10Aug2025 02:31:01.162] [Worker-Main-2/ERROR] [net.minecraftforge.common.ForgeHooks/]: Couldn't parse element loot_tables:outer_end:blocks/azure_ladder
com.google.gson.JsonSyntaxException: Expected name to be an item, was unknown string 'outer_end:azure_ladder'
	at net.minecraft.util.GsonHelper.m_13866_(GsonHelper.java:145) ~[server-1.20.1-20230612.114412-srg.jar%23419!/:?]
	at java.util.Optional.orElseThrow(Optional.java:403) ~[?:?]
	at net.minecraft.util.GsonHelper.m_13874_(GsonHelper.java:145) ~[server-1.20.1-20230612.114412-srg.jar%23419!/:?]
	at net.minecraft.util.GsonHelper.m_13909_(GsonHelper.java:153) ~[server-1.20.1-20230612.114412-srg.jar%23419!/:?]
	at net.minecraft.world.level.storage.loot.entries.LootItem$Serializer.m_7267_(LootItem.java:55) ~[server-1.20.1-20230612.114412-srg.jar%23419!/:?]
	at net.minecraft.world.level.storage.loot.entries.LootItem$Serializer.m_7267_(LootItem.java:40) ~[server-1.20.1-20230612.114412-srg.jar%23419!/:?]
	at net.minecraft.world.level.storage.loot.entries.LootPoolSingletonContainer$Serializer.m_5921_(LootPoolSingletonContainer.java:151) ~[server-1.20.1-20230612.114412-srg.jar%23419!/:?]
	at net.minecraft.world.level.storage.loot.entries.LootPoolSingletonContainer$Serializer.m_5921_(LootPoolSingletonContainer.java:129) ~[server-1.20.1-20230612.114412-srg.jar%23419!/:?]
	at net.minecraft.world.level.storage.loot.entries.LootPoolEntryContainer$Serializer.m_7561_(LootPoolEntryContainer.java:86) ~[server-1.20.1-20230612.114412-srg.jar%23419!/:?]
	at net.minecraft.world.level.storage.loot.entries.LootPoolEntryContainer$Serializer.m_7561_(LootPoolEntryContainer.java:74) ~[server-1.20.1-20230612.114412-srg.jar%23419!/:?]
	at net.minecraft.world.level.storage.loot.GsonAdapterFactory$JsonAdapter.deserialize(GsonAdapterFactory.java:102) ~[server-1.20.1-20230612.114412-srg.jar%23419!/:?]
	at com.google.gson.internal.bind.TreeTypeAdapter.read(TreeTypeAdapter.java:76) ~[gson-2.10.jar%2372!/:?]
	at com.google.gson.internal.bind.TypeAdapterRuntimeTypeWrapper.read(TypeAdapterRuntimeTypeWrapper.java:40) ~[gson-2.10.jar%2372!/:?]
	at com.google.gson.internal.bind.ArrayTypeAdapter.read(ArrayTypeAdapter.java:72) ~[gson-2.10.jar%2372!/:?]
	at com.google.gson.Gson.fromJson(Gson.java:1214) ~[gson-2.10.jar%2372!/:?]
	at com.google.gson.Gson.fromJson(Gson.java:1319) ~[gson-2.10.jar%2372!/:?]
	at com.google.gson.Gson.fromJson(Gson.java:1290) ~[gson-2.10.jar%2372!/:?]
	at com.google.gson.internal.bind.TreeTypeAdapter$GsonContextImpl.deserialize(TreeTypeAdapter.java:179) ~[gson-2.10.jar%2372!/:?]
	at net.minecraft.util.GsonHelper.m_13808_(GsonHelper.java:463) ~[server-1.20.1-20230612.114412-srg.jar%23419!/:?]
	at net.minecraft.util.GsonHelper.m_13836_(GsonHelper.java:471) ~[server-1.20.1-20230612.114412-srg.jar%23419!/:?]
	at net.minecraft.world.level.storage.loot.LootPool$Serializer.deserialize(LootPool.java:192) ~[server-1.20.1-20230612.114412-srg.jar%23419!/:?]
	at net.minecraft.world.level.storage.loot.LootPool$Serializer.deserialize(LootPool.java:189) ~[server-1.20.1-20230612.114412-srg.jar%23419!/:?]
	at com.google.gson.internal.bind.TreeTypeAdapter.read(TreeTypeAdapter.java:76) ~[gson-2.10.jar%2372!/:?]
	at com.google.gson.internal.bind.TypeAdapterRuntimeTypeWrapper.read(TypeAdapterRuntimeTypeWrapper.java:40) ~[gson-2.10.jar%2372!/:?]
	at com.google.gson.internal.bind.ArrayTypeAdapter.read(ArrayTypeAdapter.java:72) ~[gson-2.10.jar%2372!/:?]
	at com.google.gson.Gson.fromJson(Gson.java:1214) ~[gson-2.10.jar%2372!/:?]
	at com.google.gson.Gson.fromJson(Gson.java:1319) ~[gson-2.10.jar%2372!/:?]
	at com.google.gson.Gson.fromJson(Gson.java:1290) ~[gson-2.10.jar%2372!/:?]
	at com.google.gson.internal.bind.TreeTypeAdapter$GsonContextImpl.deserialize(TreeTypeAdapter.java:179) ~[gson-2.10.jar%2372!/:?]
	at net.minecraft.util.GsonHelper.m_13808_(GsonHelper.java:463) ~[server-1.20.1-20230612.114412-srg.jar%23419!/:?]
	at net.minecraft.util.GsonHelper.m_13845_(GsonHelper.java:481) ~[server-1.20.1-20230612.114412-srg.jar%23419!/:?]
	at net.minecraft.world.level.storage.loot.LootTable$Serializer.deserialize(LootTable.java:294) ~[server-1.20.1-20230612.114412-srg.jar%23419!/:?]
	at net.minecraft.world.level.storage.loot.LootTable$Serializer.deserialize(LootTable.java:291) ~[server-1.20.1-20230612.114412-srg.jar%23419!/:?]
	at com.google.gson.internal.bind.TreeTypeAdapter.read(TreeTypeAdapter.java:76) ~[gson-2.10.jar%2372!/:?]
	at com.google.gson.Gson.fromJson(Gson.java:1214) ~[gson-2.10.jar%2372!/:?]
	at com.google.gson.Gson.fromJson(Gson.java:1319) ~[gson-2.10.jar%2372!/:?]
	at com.google.gson.Gson.fromJson(Gson.java:1261) ~[gson-2.10.jar%2372!/:?]
	at net.minecraftforge.common.ForgeHooks.loadLootTable(ForgeHooks.java:871) ~[forge-1.20.1-47.3.7-universal.jar%23424!/:?]
	at net.minecraftforge.common.ForgeHooks.lambda$getLootTableDeserializer$3(ForgeHooks.java:848) ~[forge-1.20.1-47.3.7-universal.jar%23424!/:?]
	at net.minecraft.world.level.storage.loot.LootDataType.deserialize(LootDataType.java:45) ~[server-1.20.1-20230612.114412-srg.jar%23419!/:?]
	at net.minecraft.world.level.storage.loot.LootDataManager.lambda$scheduleElementParse$4(LootDataManager.java:56) ~[server-1.20.1-20230612.114412-srg.jar%23419!/:?]
	at java.util.HashMap.forEach(HashMap.java:1421) ~[?:?]
	at net.minecraft.world.level.storage.loot.LootDataManager.m_278660_(LootDataManager.java:55) ~[server-1.20.1-20230612.114412-srg.jar%23419!/:?]
	at java.util.concurrent.CompletableFuture$AsyncRun.run(CompletableFuture.java:1804) ~[?:?]
	at java.util.concurrent.CompletableFuture$AsyncRun.exec(CompletableFuture.java:1796) ~[?:?]
	at java.util.concurrent.ForkJoinTask.doExec(ForkJoinTask.java:373) ~[?:?]
	at java.util.concurrent.ForkJoinPool$WorkQueue.topLevelExec(ForkJoinPool.java:1182) ~[?:?]
	at java.util.concurrent.ForkJoinPool.scan(ForkJoinPool.java:1655) ~[?:?]
	at java.util.concurrent.ForkJoinPool.runWorker(ForkJoinPool.java:1622) ~[?:?]
	at java.util.concurrent.ForkJoinWorkerThread.run(ForkJoinWorkerThread.java:165) ~[?:?]
[10Aug2025 02:31:01.175] [Worker-Main-2/INFO] [Spartan Weaponry/]: Adding Diamond Weapons to the End City Treasure Loot Table!
[10Aug2025 02:31:01.179] [Worker-Main-2/ERROR] [net.minecraftforge.common.ForgeHooks/]: Couldn't parse element loot_tables:overweight_farming:blocks/overweight_sliced_kiwi_block
com.google.gson.JsonSyntaxException: Expected name to be an item, was unknown string 'hedgehog:kiwi'
	at net.minecraft.util.GsonHelper.m_13866_(GsonHelper.java:145) ~[server-1.20.1-20230612.114412-srg.jar%23419!/:?]
	at java.util.Optional.orElseThrow(Optional.java:403) ~[?:?]
	at net.minecraft.util.GsonHelper.m_13874_(GsonHelper.java:145) ~[server-1.20.1-20230612.114412-srg.jar%23419!/:?]
	at net.minecraft.util.GsonHelper.m_13909_(GsonHelper.java:153) ~[server-1.20.1-20230612.114412-srg.jar%23419!/:?]
	at net.minecraft.world.level.storage.loot.entries.LootItem$Serializer.m_7267_(LootItem.java:55) ~[server-1.20.1-20230612.114412-srg.jar%23419!/:?]
	at net.minecraft.world.level.storage.loot.entries.LootItem$Serializer.m_7267_(LootItem.java:40) ~[server-1.20.1-20230612.114412-srg.jar%23419!/:?]
	at net.minecraft.world.level.storage.loot.entries.LootPoolSingletonContainer$Serializer.m_5921_(LootPoolSingletonContainer.java:151) ~[server-1.20.1-20230612.114412-srg.jar%23419!/:?]
	at net.minecraft.world.level.storage.loot.entries.LootPoolSingletonContainer$Serializer.m_5921_(LootPoolSingletonContainer.java:129) ~[server-1.20.1-20230612.114412-srg.jar%23419!/:?]
	at net.minecraft.world.level.storage.loot.entries.LootPoolEntryContainer$Serializer.m_7561_(LootPoolEntryContainer.java:86) ~[server-1.20.1-20230612.114412-srg.jar%23419!/:?]
	at net.minecraft.world.level.storage.loot.entries.LootPoolEntryContainer$Serializer.m_7561_(LootPoolEntryContainer.java:74) ~[server-1.20.1-20230612.114412-srg.jar%23419!/:?]
	at net.minecraft.world.level.storage.loot.GsonAdapterFactory$JsonAdapter.deserialize(GsonAdapterFactory.java:102) ~[server-1.20.1-20230612.114412-srg.jar%23419!/:?]
	at com.google.gson.internal.bind.TreeTypeAdapter.read(TreeTypeAdapter.java:76) ~[gson-2.10.jar%2372!/:?]
	at com.google.gson.internal.bind.TypeAdapterRuntimeTypeWrapper.read(TypeAdapterRuntimeTypeWrapper.java:40) ~[gson-2.10.jar%2372!/:?]
	at com.google.gson.internal.bind.ArrayTypeAdapter.read(ArrayTypeAdapter.java:72) ~[gson-2.10.jar%2372!/:?]
	at com.google.gson.Gson.fromJson(Gson.java:1214) ~[gson-2.10.jar%2372!/:?]
	at com.google.gson.Gson.fromJson(Gson.java:1319) ~[gson-2.10.jar%2372!/:?]
	at com.google.gson.Gson.fromJson(Gson.java:1290) ~[gson-2.10.jar%2372!/:?]
	at com.google.gson.internal.bind.TreeTypeAdapter$GsonContextImpl.deserialize(TreeTypeAdapter.java:179) ~[gson-2.10.jar%2372!/:?]
	at net.minecraft.util.GsonHelper.m_13808_(GsonHelper.java:463) ~[server-1.20.1-20230612.114412-srg.jar%23419!/:?]
	at net.minecraft.util.GsonHelper.m_13836_(GsonHelper.java:471) ~[server-1.20.1-20230612.114412-srg.jar%23419!/:?]
	at net.minecraft.world.level.storage.loot.entries.CompositeEntryBase$1.m_5921_(CompositeEntryBase.java:61) ~[server-1.20.1-20230612.114412-srg.jar%23419!/:?]
	at net.minecraft.world.level.storage.loot.entries.CompositeEntryBase$1.m_5921_(CompositeEntryBase.java:53) ~[server-1.20.1-20230612.114412-srg.jar%23419!/:?]
	at net.minecraft.world.level.storage.loot.entries.LootPoolEntryContainer$Serializer.m_7561_(LootPoolEntryContainer.java:86) ~[server-1.20.1-20230612.114412-srg.jar%23419!/:?]
	at net.minecraft.world.level.storage.loot.entries.LootPoolEntryContainer$Serializer.m_7561_(LootPoolEntryContainer.java:74) ~[server-1.20.1-20230612.114412-srg.jar%23419!/:?]
	at net.minecraft.world.level.storage.loot.GsonAdapterFactory$JsonAdapter.deserialize(GsonAdapterFactory.java:102) ~[server-1.20.1-20230612.114412-srg.jar%23419!/:?]
	at com.google.gson.internal.bind.TreeTypeAdapter.read(TreeTypeAdapter.java:76) ~[gson-2.10.jar%2372!/:?]
	at com.google.gson.internal.bind.TypeAdapterRuntimeTypeWrapper.read(TypeAdapterRuntimeTypeWrapper.java:40) ~[gson-2.10.jar%2372!/:?]
	at com.google.gson.internal.bind.ArrayTypeAdapter.read(ArrayTypeAdapter.java:72) ~[gson-2.10.jar%2372!/:?]
	at com.google.gson.Gson.fromJson(Gson.java:1214) ~[gson-2.10.jar%2372!/:?]
	at com.google.gson.Gson.fromJson(Gson.java:1319) ~[gson-2.10.jar%2372!/:?]
	at com.google.gson.Gson.fromJson(Gson.java:1290) ~[gson-2.10.jar%2372!/:?]
	at com.google.gson.internal.bind.TreeTypeAdapter$GsonContextImpl.deserialize(TreeTypeAdapter.java:179) ~[gson-2.10.jar%2372!/:?]
	at net.minecraft.util.GsonHelper.m_13808_(GsonHelper.java:463) ~[server-1.20.1-20230612.114412-srg.jar%23419!/:?]
	at net.minecraft.util.GsonHelper.m_13836_(GsonHelper.java:471) ~[server-1.20.1-20230612.114412-srg.jar%23419!/:?]
	at net.minecraft.world.level.storage.loot.entries.CompositeEntryBase$1.m_5921_(CompositeEntryBase.java:61) ~[server-1.20.1-20230612.114412-srg.jar%23419!/:?]
	at net.minecraft.world.level.storage.loot.entries.CompositeEntryBase$1.m_5921_(CompositeEntryBase.java:53) ~[server-1.20.1-20230612.114412-srg.jar%23419!/:?]
	at net.minecraft.world.level.storage.loot.entries.LootPoolEntryContainer$Serializer.m_7561_(LootPoolEntryContainer.java:86) ~[server-1.20.1-20230612.114412-srg.jar%23419!/:?]
	at net.minecraft.world.level.storage.loot.entries.LootPoolEntryContainer$Serializer.m_7561_(LootPoolEntryContainer.java:74) ~[server-1.20.1-20230612.114412-srg.jar%23419!/:?]
	at net.minecraft.world.level.storage.loot.GsonAdapterFactory$JsonAdapter.deserialize(GsonAdapterFactory.java:102) ~[server-1.20.1-20230612.114412-srg.jar%23419!/:?]
	at com.google.gson.internal.bind.TreeTypeAdapter.read(TreeTypeAdapter.java:76) ~[gson-2.10.jar%2372!/:?]
	at com.google.gson.internal.bind.TypeAdapterRuntimeTypeWrapper.read(TypeAdapterRuntimeTypeWrapper.java:40) ~[gson-2.10.jar%2372!/:?]
	at com.google.gson.internal.bind.ArrayTypeAdapter.read(ArrayTypeAdapter.java:72) ~[gson-2.10.jar%2372!/:?]
	at com.google.gson.Gson.fromJson(Gson.java:1214) ~[gson-2.10.jar%2372!/:?]
	at com.google.gson.Gson.fromJson(Gson.java:1319) ~[gson-2.10.jar%2372!/:?]
	at com.google.gson.Gson.fromJson(Gson.java:1290) ~[gson-2.10.jar%2372!/:?]
	at com.google.gson.internal.bind.TreeTypeAdapter$GsonContextImpl.deserialize(TreeTypeAdapter.java:179) ~[gson-2.10.jar%2372!/:?]
	at net.minecraft.util.GsonHelper.m_13808_(GsonHelper.java:463) ~[server-1.20.1-20230612.114412-srg.jar%23419!/:?]
	at net.minecraft.util.GsonHelper.m_13836_(GsonHelper.java:471) ~[server-1.20.1-20230612.114412-srg.jar%23419!/:?]
	at net.minecraft.world.level.storage.loot.LootPool$Serializer.deserialize(LootPool.java:192) ~[server-1.20.1-20230612.114412-srg.jar%23419!/:?]
	at net.minecraft.world.level.storage.loot.LootPool$Serializer.deserialize(LootPool.java:189) ~[server-1.20.1-20230612.114412-srg.jar%23419!/:?]
	at com.google.gson.internal.bind.TreeTypeAdapter.read(TreeTypeAdapter.java:76) ~[gson-2.10.jar%2372!/:?]
	at com.google.gson.internal.bind.TypeAdapterRuntimeTypeWrapper.read(TypeAdapterRuntimeTypeWrapper.java:40) ~[gson-2.10.jar%2372!/:?]
	at com.google.gson.internal.bind.ArrayTypeAdapter.read(ArrayTypeAdapter.java:72) ~[gson-2.10.jar%2372!/:?]
	at com.google.gson.Gson.fromJson(Gson.java:1214) ~[gson-2.10.jar%2372!/:?]
	at com.google.gson.Gson.fromJson(Gson.java:1319) ~[gson-2.10.jar%2372!/:?]
	at com.google.gson.Gson.fromJson(Gson.java:1290) ~[gson-2.10.jar%2372!/:?]
	at com.google.gson.internal.bind.TreeTypeAdapter$GsonContextImpl.deserialize(TreeTypeAdapter.java:179) ~[gson-2.10.jar%2372!/:?]
	at net.minecraft.util.GsonHelper.m_13808_(GsonHelper.java:463) ~[server-1.20.1-20230612.114412-srg.jar%23419!/:?]
	at net.minecraft.util.GsonHelper.m_13845_(GsonHelper.java:481) ~[server-1.20.1-20230612.114412-srg.jar%23419!/:?]
	at net.minecraft.world.level.storage.loot.LootTable$Serializer.deserialize(LootTable.java:294) ~[server-1.20.1-20230612.114412-srg.jar%23419!/:?]
	at net.minecraft.world.level.storage.loot.LootTable$Serializer.deserialize(LootTable.java:291) ~[server-1.20.1-20230612.114412-srg.jar%23419!/:?]
	at com.google.gson.internal.bind.TreeTypeAdapter.read(TreeTypeAdapter.java:76) ~[gson-2.10.jar%2372!/:?]
	at com.google.gson.Gson.fromJson(Gson.java:1214) ~[gson-2.10.jar%2372!/:?]
	at com.google.gson.Gson.fromJson(Gson.java:1319) ~[gson-2.10.jar%2372!/:?]
	at com.google.gson.Gson.fromJson(Gson.java:1261) ~[gson-2.10.jar%2372!/:?]
	at net.minecraftforge.common.ForgeHooks.loadLootTable(ForgeHooks.java:871) ~[forge-1.20.1-47.3.7-universal.jar%23424!/:?]
	at net.minecraftforge.common.ForgeHooks.lambda$getLootTableDeserializer$3(ForgeHooks.java:848) ~[forge-1.20.1-47.3.7-universal.jar%23424!/:?]
	at net.minecraft.world.level.storage.loot.LootDataType.deserialize(LootDataType.java:45) ~[server-1.20.1-20230612.114412-srg.jar%23419!/:?]
	at net.minecraft.world.level.storage.loot.LootDataManager.lambda$scheduleElementParse$4(LootDataManager.java:56) ~[server-1.20.1-20230612.114412-srg.jar%23419!/:?]
	at java.util.HashMap.forEach(HashMap.java:1421) ~[?:?]
	at net.minecraft.world.level.storage.loot.LootDataManager.m_278660_(LootDataManager.java:55) ~[server-1.20.1-20230612.114412-srg.jar%23419!/:?]
	at java.util.concurrent.CompletableFuture$AsyncRun.run(CompletableFuture.java:1804) ~[?:?]
	at java.util.concurrent.CompletableFuture$AsyncRun.exec(CompletableFuture.java:1796) ~[?:?]
	at java.util.concurrent.ForkJoinTask.doExec(ForkJoinTask.java:373) ~[?:?]
	at java.util.concurrent.ForkJoinPool$WorkQueue.topLevelExec(ForkJoinPool.java:1182) ~[?:?]
	at java.util.concurrent.ForkJoinPool.scan(ForkJoinPool.java:1655) ~[?:?]
	at java.util.concurrent.ForkJoinPool.runWorker(ForkJoinPool.java:1622) ~[?:?]
	at java.util.concurrent.ForkJoinWorkerThread.run(ForkJoinWorkerThread.java:165) ~[?:?]
[10Aug2025 02:31:01.205] [Worker-Main-2/ERROR] [net.minecraftforge.common.ForgeHooks/]: Couldn't parse element loot_tables:ati_structures:chests/archer_chest
com.google.gson.JsonSyntaxException: Unknown type 'minecraft:set_components'
	at net.minecraft.world.level.storage.loot.GsonAdapterFactory$JsonAdapter.deserialize(GsonAdapterFactory.java:99) ~[server-1.20.1-20230612.114412-srg.jar%23419!/:?]
	at com.google.gson.internal.bind.TreeTypeAdapter.read(TreeTypeAdapter.java:76) ~[gson-2.10.jar%2372!/:?]
	at com.google.gson.internal.bind.TypeAdapterRuntimeTypeWrapper.read(TypeAdapterRuntimeTypeWrapper.java:40) ~[gson-2.10.jar%2372!/:?]
	at com.google.gson.internal.bind.ArrayTypeAdapter.read(ArrayTypeAdapter.java:72) ~[gson-2.10.jar%2372!/:?]
	at com.google.gson.Gson.fromJson(Gson.java:1214) ~[gson-2.10.jar%2372!/:?]
	at com.google.gson.Gson.fromJson(Gson.java:1319) ~[gson-2.10.jar%2372!/:?]
	at com.google.gson.Gson.fromJson(Gson.java:1290) ~[gson-2.10.jar%2372!/:?]
	at com.google.gson.internal.bind.TreeTypeAdapter$GsonContextImpl.deserialize(TreeTypeAdapter.java:179) ~[gson-2.10.jar%2372!/:?]
	at net.minecraft.util.GsonHelper.m_13808_(GsonHelper.java:463) ~[server-1.20.1-20230612.114412-srg.jar%23419!/:?]
	at net.minecraft.util.GsonHelper.m_13845_(GsonHelper.java:481) ~[server-1.20.1-20230612.114412-srg.jar%23419!/:?]
	at net.minecraft.world.level.storage.loot.entries.LootPoolSingletonContainer$Serializer.m_5921_(LootPoolSingletonContainer.java:149) ~[server-1.20.1-20230612.114412-srg.jar%23419!/:?]
	at net.minecraft.world.level.storage.loot.entries.LootPoolSingletonContainer$Serializer.m_5921_(LootPoolSingletonContainer.java:129) ~[server-1.20.1-20230612.114412-srg.jar%23419!/:?]
	at net.minecraft.world.level.storage.loot.entries.LootPoolEntryContainer$Serializer.m_7561_(LootPoolEntryContainer.java:86) ~[server-1.20.1-20230612.114412-srg.jar%23419!/:?]
	at net.minecraft.world.level.storage.loot.entries.LootPoolEntryContainer$Serializer.m_7561_(LootPoolEntryContainer.java:74) ~[server-1.20.1-20230612.114412-srg.jar%23419!/:?]
	at net.minecraft.world.level.storage.loot.GsonAdapterFactory$JsonAdapter.deserialize(GsonAdapterFactory.java:102) ~[server-1.20.1-20230612.114412-srg.jar%23419!/:?]
	at com.google.gson.internal.bind.TreeTypeAdapter.read(TreeTypeAdapter.java:76) ~[gson-2.10.jar%2372!/:?]
	at com.google.gson.internal.bind.TypeAdapterRuntimeTypeWrapper.read(TypeAdapterRuntimeTypeWrapper.java:40) ~[gson-2.10.jar%2372!/:?]
	at com.google.gson.internal.bind.ArrayTypeAdapter.read(ArrayTypeAdapter.java:72) ~[gson-2.10.jar%2372!/:?]
	at com.google.gson.Gson.fromJson(Gson.java:1214) ~[gson-2.10.jar%2372!/:?]
	at com.google.gson.Gson.fromJson(Gson.java:1319) ~[gson-2.10.jar%2372!/:?]
	at com.google.gson.Gson.fromJson(Gson.java:1290) ~[gson-2.10.jar%2372!/:?]
	at com.google.gson.internal.bind.TreeTypeAdapter$GsonContextImpl.deserialize(TreeTypeAdapter.java:179) ~[gson-2.10.jar%2372!/:?]
	at net.minecraft.util.GsonHelper.m_13808_(GsonHelper.java:463) ~[server-1.20.1-20230612.114412-srg.jar%23419!/:?]
	at net.minecraft.util.GsonHelper.m_13836_(GsonHelper.java:471) ~[server-1.20.1-20230612.114412-srg.jar%23419!/:?]
	at net.minecraft.world.level.storage.loot.LootPool$Serializer.deserialize(LootPool.java:192) ~[server-1.20.1-20230612.114412-srg.jar%23419!/:?]
	at net.minecraft.world.level.storage.loot.LootPool$Serializer.deserialize(LootPool.java:189) ~[server-1.20.1-20230612.114412-srg.jar%23419!/:?]
	at com.google.gson.internal.bind.TreeTypeAdapter.read(TreeTypeAdapter.java:76) ~[gson-2.10.jar%2372!/:?]
	at com.google.gson.internal.bind.TypeAdapterRuntimeTypeWrapper.read(TypeAdapterRuntimeTypeWrapper.java:40) ~[gson-2.10.jar%2372!/:?]
	at com.google.gson.internal.bind.ArrayTypeAdapter.read(ArrayTypeAdapter.java:72) ~[gson-2.10.jar%2372!/:?]
	at com.google.gson.Gson.fromJson(Gson.java:1214) ~[gson-2.10.jar%2372!/:?]
	at com.google.gson.Gson.fromJson(Gson.java:1319) ~[gson-2.10.jar%2372!/:?]
	at com.google.gson.Gson.fromJson(Gson.java:1290) ~[gson-2.10.jar%2372!/:?]
	at com.google.gson.internal.bind.TreeTypeAdapter$GsonContextImpl.deserialize(TreeTypeAdapter.java:179) ~[gson-2.10.jar%2372!/:?]
	at net.minecraft.util.GsonHelper.m_13808_(GsonHelper.java:463) ~[server-1.20.1-20230612.114412-srg.jar%23419!/:?]
	at net.minecraft.util.GsonHelper.m_13845_(GsonHelper.java:481) ~[server-1.20.1-20230612.114412-srg.jar%23419!/:?]
	at net.minecraft.world.level.storage.loot.LootTable$Serializer.deserialize(LootTable.java:294) ~[server-1.20.1-20230612.114412-srg.jar%23419!/:?]
	at net.minecraft.world.level.storage.loot.LootTable$Serializer.deserialize(LootTable.java:291) ~[server-1.20.1-20230612.114412-srg.jar%23419!/:?]
	at com.google.gson.internal.bind.TreeTypeAdapter.read(TreeTypeAdapter.java:76) ~[gson-2.10.jar%2372!/:?]
	at com.google.gson.Gson.fromJson(Gson.java:1214) ~[gson-2.10.jar%2372!/:?]
	at com.google.gson.Gson.fromJson(Gson.java:1319) ~[gson-2.10.jar%2372!/:?]
	at com.google.gson.Gson.fromJson(Gson.java:1261) ~[gson-2.10.jar%2372!/:?]
	at net.minecraftforge.common.ForgeHooks.loadLootTable(ForgeHooks.java:871) ~[forge-1.20.1-47.3.7-universal.jar%23424!/:?]
	at net.minecraftforge.common.ForgeHooks.lambda$getLootTableDeserializer$3(ForgeHooks.java:848) ~[forge-1.20.1-47.3.7-universal.jar%23424!/:?]
	at net.minecraft.world.level.storage.loot.LootDataType.deserialize(LootDataType.java:45) ~[server-1.20.1-20230612.114412-srg.jar%23419!/:?]
	at net.minecraft.world.level.storage.loot.LootDataManager.lambda$scheduleElementParse$4(LootDataManager.java:56) ~[server-1.20.1-20230612.114412-srg.jar%23419!/:?]
	at java.util.HashMap.forEach(HashMap.java:1421) ~[?:?]
	at net.minecraft.world.level.storage.loot.LootDataManager.m_278660_(LootDataManager.java:55) ~[server-1.20.1-20230612.114412-srg.jar%23419!/:?]
	at java.util.concurrent.CompletableFuture$AsyncRun.run(CompletableFuture.java:1804) ~[?:?]
	at java.util.concurrent.CompletableFuture$AsyncRun.exec(CompletableFuture.java:1796) ~[?:?]
	at java.util.concurrent.ForkJoinTask.doExec(ForkJoinTask.java:373) ~[?:?]
	at java.util.concurrent.ForkJoinPool$WorkQueue.topLevelExec(ForkJoinPool.java:1182) ~[?:?]
	at java.util.concurrent.ForkJoinPool.scan(ForkJoinPool.java:1655) ~[?:?]
	at java.util.concurrent.ForkJoinPool.runWorker(ForkJoinPool.java:1622) ~[?:?]
	at java.util.concurrent.ForkJoinWorkerThread.run(ForkJoinWorkerThread.java:165) ~[?:?]
[10Aug2025 02:31:01.377] [Worker-Main-2/INFO] [Spartan Weaponry/]: Adding Longbow and Heavy Crossbow related loot to the Village Fletcher Loot Table!
[10Aug2025 02:31:01.384] [Worker-Main-2/ERROR] [net.minecraftforge.common.ForgeHooks/]: Couldn't parse element loot_tables:overweight_farming:blocks/overweight_ginger_block
com.google.gson.JsonSyntaxException: Expected name to be an item, was unknown string 'snowyspirit:ginger'
	at net.minecraft.util.GsonHelper.m_13866_(GsonHelper.java:145) ~[server-1.20.1-20230612.114412-srg.jar%23419!/:?]
	at java.util.Optional.orElseThrow(Optional.java:403) ~[?:?]
	at net.minecraft.util.GsonHelper.m_13874_(GsonHelper.java:145) ~[server-1.20.1-20230612.114412-srg.jar%23419!/:?]
	at net.minecraft.util.GsonHelper.m_13909_(GsonHelper.java:153) ~[server-1.20.1-20230612.114412-srg.jar%23419!/:?]
	at net.minecraft.world.level.storage.loot.entries.LootItem$Serializer.m_7267_(LootItem.java:55) ~[server-1.20.1-20230612.114412-srg.jar%23419!/:?]
	at net.minecraft.world.level.storage.loot.entries.LootItem$Serializer.m_7267_(LootItem.java:40) ~[server-1.20.1-20230612.114412-srg.jar%23419!/:?]
	at net.minecraft.world.level.storage.loot.entries.LootPoolSingletonContainer$Serializer.m_5921_(LootPoolSingletonContainer.java:151) ~[server-1.20.1-20230612.114412-srg.jar%23419!/:?]
	at net.minecraft.world.level.storage.loot.entries.LootPoolSingletonContainer$Serializer.m_5921_(LootPoolSingletonContainer.java:129) ~[server-1.20.1-20230612.114412-srg.jar%23419!/:?]
	at net.minecraft.world.level.storage.loot.entries.LootPoolEntryContainer$Serializer.m_7561_(LootPoolEntryContainer.java:86) ~[server-1.20.1-20230612.114412-srg.jar%23419!/:?]
	at net.minecraft.world.level.storage.loot.entries.LootPoolEntryContainer$Serializer.m_7561_(LootPoolEntryContainer.java:74) ~[server-1.20.1-20230612.114412-srg.jar%23419!/:?]
	at net.minecraft.world.level.storage.loot.GsonAdapterFactory$JsonAdapter.deserialize(GsonAdapterFactory.java:102) ~[server-1.20.1-20230612.114412-srg.jar%23419!/:?]
	at com.google.gson.internal.bind.TreeTypeAdapter.read(TreeTypeAdapter.java:76) ~[gson-2.10.jar%2372!/:?]
	at com.google.gson.internal.bind.TypeAdapterRuntimeTypeWrapper.read(TypeAdapterRuntimeTypeWrapper.java:40) ~[gson-2.10.jar%2372!/:?]
	at com.google.gson.internal.bind.ArrayTypeAdapter.read(ArrayTypeAdapter.java:72) ~[gson-2.10.jar%2372!/:?]
	at com.google.gson.Gson.fromJson(Gson.java:1214) ~[gson-2.10.jar%2372!/:?]
	at com.google.gson.Gson.fromJson(Gson.java:1319) ~[gson-2.10.jar%2372!/:?]
	at com.google.gson.Gson.fromJson(Gson.java:1290) ~[gson-2.10.jar%2372!/:?]
	at com.google.gson.internal.bind.TreeTypeAdapter$GsonContextImpl.deserialize(TreeTypeAdapter.java:179) ~[gson-2.10.jar%2372!/:?]
	at net.minecraft.util.GsonHelper.m_13808_(GsonHelper.java:463) ~[server-1.20.1-20230612.114412-srg.jar%23419!/:?]
	at net.minecraft.util.GsonHelper.m_13836_(GsonHelper.java:471) ~[server-1.20.1-20230612.114412-srg.jar%23419!/:?]
	at net.minecraft.world.level.storage.loot.entries.CompositeEntryBase$1.m_5921_(CompositeEntryBase.java:61) ~[server-1.20.1-20230612.114412-srg.jar%23419!/:?]
	at net.minecraft.world.level.storage.loot.entries.CompositeEntryBase$1.m_5921_(CompositeEntryBase.java:53) ~[server-1.20.1-20230612.114412-srg.jar%23419!/:?]
	at net.minecraft.world.level.storage.loot.entries.LootPoolEntryContainer$Serializer.m_7561_(LootPoolEntryContainer.java:86) ~[server-1.20.1-20230612.114412-srg.jar%23419!/:?]
	at net.minecraft.world.level.storage.loot.entries.LootPoolEntryContainer$Serializer.m_7561_(LootPoolEntryContainer.java:74) ~[server-1.20.1-20230612.114412-srg.jar%23419!/:?]
	at net.minecraft.world.level.storage.loot.GsonAdapterFactory$JsonAdapter.deserialize(GsonAdapterFactory.java:102) ~[server-1.20.1-20230612.114412-srg.jar%23419!/:?]
	at com.google.gson.internal.bind.TreeTypeAdapter.read(TreeTypeAdapter.java:76) ~[gson-2.10.jar%2372!/:?]
	at com.google.gson.internal.bind.TypeAdapterRuntimeTypeWrapper.read(TypeAdapterRuntimeTypeWrapper.java:40) ~[gson-2.10.jar%2372!/:?]
	at com.google.gson.internal.bind.ArrayTypeAdapter.read(ArrayTypeAdapter.java:72) ~[gson-2.10.jar%2372!/:?]
	at com.google.gson.Gson.fromJson(Gson.java:1214) ~[gson-2.10.jar%2372!/:?]
	at com.google.gson.Gson.fromJson(Gson.java:1319) ~[gson-2.10.jar%2372!/:?]
	at com.google.gson.Gson.fromJson(Gson.java:1290) ~[gson-2.10.jar%2372!/:?]
	at com.google.gson.internal.bind.TreeTypeAdapter$GsonContextImpl.deserialize(TreeTypeAdapter.java:179) ~[gson-2.10.jar%2372!/:?]
	at net.minecraft.util.GsonHelper.m_13808_(GsonHelper.java:463) ~[server-1.20.1-20230612.114412-srg.jar%23419!/:?]
	at net.minecraft.util.GsonHelper.m_13836_(GsonHelper.java:471) ~[server-1.20.1-20230612.114412-srg.jar%23419!/:?]
	at net.minecraft.world.level.storage.loot.entries.CompositeEntryBase$1.m_5921_(CompositeEntryBase.java:61) ~[server-1.20.1-20230612.114412-srg.jar%23419!/:?]
	at net.minecraft.world.level.storage.loot.entries.CompositeEntryBase$1.m_5921_(CompositeEntryBase.java:53) ~[server-1.20.1-20230612.114412-srg.jar%23419!/:?]
	at net.minecraft.world.level.storage.loot.entries.LootPoolEntryContainer$Serializer.m_7561_(LootPoolEntryContainer.java:86) ~[server-1.20.1-20230612.114412-srg.jar%23419!/:?]
	at net.minecraft.world.level.storage.loot.entries.LootPoolEntryContainer$Serializer.m_7561_(LootPoolEntryContainer.java:74) ~[server-1.20.1-20230612.114412-srg.jar%23419!/:?]
	at net.minecraft.world.level.storage.loot.GsonAdapterFactory$JsonAdapter.deserialize(GsonAdapterFactory.java:102) ~[server-1.20.1-20230612.114412-srg.jar%23419!/:?]
	at com.google.gson.internal.bind.TreeTypeAdapter.read(TreeTypeAdapter.java:76) ~[gson-2.10.jar%2372!/:?]
	at com.google.gson.internal.bind.TypeAdapterRuntimeTypeWrapper.read(TypeAdapterRuntimeTypeWrapper.java:40) ~[gson-2.10.jar%2372!/:?]
	at com.google.gson.internal.bind.ArrayTypeAdapter.read(ArrayTypeAdapter.java:72) ~[gson-2.10.jar%2372!/:?]
	at com.google.gson.Gson.fromJson(Gson.java:1214) ~[gson-2.10.jar%2372!/:?]
	at com.google.gson.Gson.fromJson(Gson.java:1319) ~[gson-2.10.jar%2372!/:?]
	at com.google.gson.Gson.fromJson(Gson.java:1290) ~[gson-2.10.jar%2372!/:?]
	at com.google.gson.internal.bind.TreeTypeAdapter$GsonContextImpl.deserialize(TreeTypeAdapter.java:179) ~[gson-2.10.jar%2372!/:?]
	at net.minecraft.util.GsonHelper.m_13808_(GsonHelper.java:463) ~[server-1.20.1-20230612.114412-srg.jar%23419!/:?]
	at net.minecraft.util.GsonHelper.m_13836_(GsonHelper.java:471) ~[server-1.20.1-20230612.114412-srg.jar%23419!/:?]
	at net.minecraft.world.level.storage.loot.LootPool$Serializer.deserialize(LootPool.java:192) ~[server-1.20.1-20230612.114412-srg.jar%23419!/:?]
	at net.minecraft.world.level.storage.loot.LootPool$Serializer.deserialize(LootPool.java:189) ~[server-1.20.1-20230612.114412-srg.jar%23419!/:?]
	at com.google.gson.internal.bind.TreeTypeAdapter.read(TreeTypeAdapter.java:76) ~[gson-2.10.jar%2372!/:?]
	at com.google.gson.internal.bind.TypeAdapterRuntimeTypeWrapper.read(TypeAdapterRuntimeTypeWrapper.java:40) ~[gson-2.10.jar%2372!/:?]
	at com.google.gson.internal.bind.ArrayTypeAdapter.read(ArrayTypeAdapter.java:72) ~[gson-2.10.jar%2372!/:?]
	at com.google.gson.Gson.fromJson(Gson.java:1214) ~[gson-2.10.jar%2372!/:?]
	at com.google.gson.Gson.fromJson(Gson.java:1319) ~[gson-2.10.jar%2372!/:?]
	at com.google.gson.Gson.fromJson(Gson.java:1290) ~[gson-2.10.jar%2372!/:?]
	at com.google.gson.internal.bind.TreeTypeAdapter$GsonContextImpl.deserialize(TreeTypeAdapter.java:179) ~[gson-2.10.jar%2372!/:?]
	at net.minecraft.util.GsonHelper.m_13808_(GsonHelper.java:463) ~[server-1.20.1-20230612.114412-srg.jar%23419!/:?]
	at net.minecraft.util.GsonHelper.m_13845_(GsonHelper.java:481) ~[server-1.20.1-20230612.114412-srg.jar%23419!/:?]
	at net.minecraft.world.level.storage.loot.LootTable$Serializer.deserialize(LootTable.java:294) ~[server-1.20.1-20230612.114412-srg.jar%23419!/:?]
	at net.minecraft.world.level.storage.loot.LootTable$Serializer.deserialize(LootTable.java:291) ~[server-1.20.1-20230612.114412-srg.jar%23419!/:?]
	at com.google.gson.internal.bind.TreeTypeAdapter.read(TreeTypeAdapter.java:76) ~[gson-2.10.jar%2372!/:?]
	at com.google.gson.Gson.fromJson(Gson.java:1214) ~[gson-2.10.jar%2372!/:?]
	at com.google.gson.Gson.fromJson(Gson.java:1319) ~[gson-2.10.jar%2372!/:?]
	at com.google.gson.Gson.fromJson(Gson.java:1261) ~[gson-2.10.jar%2372!/:?]
	at net.minecraftforge.common.ForgeHooks.loadLootTable(ForgeHooks.java:871) ~[forge-1.20.1-47.3.7-universal.jar%23424!/:?]
	at net.minecraftforge.common.ForgeHooks.lambda$getLootTableDeserializer$3(ForgeHooks.java:848) ~[forge-1.20.1-47.3.7-universal.jar%23424!/:?]
	at net.minecraft.world.level.storage.loot.LootDataType.deserialize(LootDataType.java:45) ~[server-1.20.1-20230612.114412-srg.jar%23419!/:?]
	at net.minecraft.world.level.storage.loot.LootDataManager.lambda$scheduleElementParse$4(LootDataManager.java:56) ~[server-1.20.1-20230612.114412-srg.jar%23419!/:?]
	at java.util.HashMap.forEach(HashMap.java:1421) ~[?:?]
	at net.minecraft.world.level.storage.loot.LootDataManager.m_278660_(LootDataManager.java:55) ~[server-1.20.1-20230612.114412-srg.jar%23419!/:?]
	at java.util.concurrent.CompletableFuture$AsyncRun.run(CompletableFuture.java:1804) ~[?:?]
	at java.util.concurrent.CompletableFuture$AsyncRun.exec(CompletableFuture.java:1796) ~[?:?]
	at java.util.concurrent.ForkJoinTask.doExec(ForkJoinTask.java:373) ~[?:?]
	at java.util.concurrent.ForkJoinPool$WorkQueue.topLevelExec(ForkJoinPool.java:1182) ~[?:?]
	at java.util.concurrent.ForkJoinPool.scan(ForkJoinPool.java:1655) ~[?:?]
	at java.util.concurrent.ForkJoinPool.runWorker(ForkJoinPool.java:1622) ~[?:?]
	at java.util.concurrent.ForkJoinWorkerThread.run(ForkJoinWorkerThread.java:165) ~[?:?]
[10Aug2025 02:31:01.387] [Worker-Main-2/ERROR] [net.minecraftforge.common.ForgeHooks/]: Couldn't parse element loot_tables:outer_end:blocks/azure_vertical_planks
com.google.gson.JsonSyntaxException: Expected name to be an item, was unknown string 'outer_end:azure_vertical_planks'
	at net.minecraft.util.GsonHelper.m_13866_(GsonHelper.java:145) ~[server-1.20.1-20230612.114412-srg.jar%23419!/:?]
	at java.util.Optional.orElseThrow(Optional.java:403) ~[?:?]
	at net.minecraft.util.GsonHelper.m_13874_(GsonHelper.java:145) ~[server-1.20.1-20230612.114412-srg.jar%23419!/:?]
	at net.minecraft.util.GsonHelper.m_13909_(GsonHelper.java:153) ~[server-1.20.1-20230612.114412-srg.jar%23419!/:?]
	at net.minecraft.world.level.storage.loot.entries.LootItem$Serializer.m_7267_(LootItem.java:55) ~[server-1.20.1-20230612.114412-srg.jar%23419!/:?]
	at net.minecraft.world.level.storage.loot.entries.LootItem$Serializer.m_7267_(LootItem.java:40) ~[server-1.20.1-20230612.114412-srg.jar%23419!/:?]
	at net.minecraft.world.level.storage.loot.entries.LootPoolSingletonContainer$Serializer.m_5921_(LootPoolSingletonContainer.java:151) ~[server-1.20.1-20230612.114412-srg.jar%23419!/:?]
	at net.minecraft.world.level.storage.loot.entries.LootPoolSingletonContainer$Serializer.m_5921_(LootPoolSingletonContainer.java:129) ~[server-1.20.1-20230612.114412-srg.jar%23419!/:?]
	at net.minecraft.world.level.storage.loot.entries.LootPoolEntryContainer$Serializer.m_7561_(LootPoolEntryContainer.java:86) ~[server-1.20.1-20230612.114412-srg.jar%23419!/:?]
	at net.minecraft.world.level.storage.loot.entries.LootPoolEntryContainer$Serializer.m_7561_(LootPoolEntryContainer.java:74) ~[server-1.20.1-20230612.114412-srg.jar%23419!/:?]
	at net.minecraft.world.level.storage.loot.GsonAdapterFactory$JsonAdapter.deserialize(GsonAdapterFactory.java:102) ~[server-1.20.1-20230612.114412-srg.jar%23419!/:?]
	at com.google.gson.internal.bind.TreeTypeAdapter.read(TreeTypeAdapter.java:76) ~[gson-2.10.jar%2372!/:?]
	at com.google.gson.internal.bind.TypeAdapterRuntimeTypeWrapper.read(TypeAdapterRuntimeTypeWrapper.java:40) ~[gson-2.10.jar%2372!/:?]
	at com.google.gson.internal.bind.ArrayTypeAdapter.read(ArrayTypeAdapter.java:72) ~[gson-2.10.jar%2372!/:?]
	at com.google.gson.Gson.fromJson(Gson.java:1214) ~[gson-2.10.jar%2372!/:?]
	at com.google.gson.Gson.fromJson(Gson.java:1319) ~[gson-2.10.jar%2372!/:?]
	at com.google.gson.Gson.fromJson(Gson.java:1290) ~[gson-2.10.jar%2372!/:?]
	at com.google.gson.internal.bind.TreeTypeAdapter$GsonContextImpl.deserialize(TreeTypeAdapter.java:179) ~[gson-2.10.jar%2372!/:?]
	at net.minecraft.util.GsonHelper.m_13808_(GsonHelper.java:463) ~[server-1.20.1-20230612.114412-srg.jar%23419!/:?]
	at net.minecraft.util.GsonHelper.m_13836_(GsonHelper.java:471) ~[server-1.20.1-20230612.114412-srg.jar%23419!/:?]
	at net.minecraft.world.level.storage.loot.LootPool$Serializer.deserialize(LootPool.java:192) ~[server-1.20.1-20230612.114412-srg.jar%23419!/:?]
	at net.minecraft.world.level.storage.loot.LootPool$Serializer.deserialize(LootPool.java:189) ~[server-1.20.1-20230612.114412-srg.jar%23419!/:?]
	at com.google.gson.internal.bind.TreeTypeAdapter.read(TreeTypeAdapter.java:76) ~[gson-2.10.jar%2372!/:?]
	at com.google.gson.internal.bind.TypeAdapterRuntimeTypeWrapper.read(TypeAdapterRuntimeTypeWrapper.java:40) ~[gson-2.10.jar%2372!/:?]
	at com.google.gson.internal.bind.ArrayTypeAdapter.read(ArrayTypeAdapter.java:72) ~[gson-2.10.jar%2372!/:?]
	at com.google.gson.Gson.fromJson(Gson.java:1214) ~[gson-2.10.jar%2372!/:?]
	at com.google.gson.Gson.fromJson(Gson.java:1319) ~[gson-2.10.jar%2372!/:?]
	at com.google.gson.Gson.fromJson(Gson.java:1290) ~[gson-2.10.jar%2372!/:?]
	at com.google.gson.internal.bind.TreeTypeAdapter$GsonContextImpl.deserialize(TreeTypeAdapter.java:179) ~[gson-2.10.jar%2372!/:?]
	at net.minecraft.util.GsonHelper.m_13808_(GsonHelper.java:463) ~[server-1.20.1-20230612.114412-srg.jar%23419!/:?]
	at net.minecraft.util.GsonHelper.m_13845_(GsonHelper.java:481) ~[server-1.20.1-20230612.114412-srg.jar%23419!/:?]
	at net.minecraft.world.level.storage.loot.LootTable$Serializer.deserialize(LootTable.java:294) ~[server-1.20.1-20230612.114412-srg.jar%23419!/:?]
	at net.minecraft.world.level.storage.loot.LootTable$Serializer.deserialize(LootTable.java:291) ~[server-1.20.1-20230612.114412-srg.jar%23419!/:?]
	at com.google.gson.internal.bind.TreeTypeAdapter.read(TreeTypeAdapter.java:76) ~[gson-2.10.jar%2372!/:?]
	at com.google.gson.Gson.fromJson(Gson.java:1214) ~[gson-2.10.jar%2372!/:?]
	at com.google.gson.Gson.fromJson(Gson.java:1319) ~[gson-2.10.jar%2372!/:?]
	at com.google.gson.Gson.fromJson(Gson.java:1261) ~[gson-2.10.jar%2372!/:?]
	at net.minecraftforge.common.ForgeHooks.loadLootTable(ForgeHooks.java:871) ~[forge-1.20.1-47.3.7-universal.jar%23424!/:?]
	at net.minecraftforge.common.ForgeHooks.lambda$getLootTableDeserializer$3(ForgeHooks.java:848) ~[forge-1.20.1-47.3.7-universal.jar%23424!/:?]
	at net.minecraft.world.level.storage.loot.LootDataType.deserialize(LootDataType.java:45) ~[server-1.20.1-20230612.114412-srg.jar%23419!/:?]
	at net.minecraft.world.level.storage.loot.LootDataManager.lambda$scheduleElementParse$4(LootDataManager.java:56) ~[server-1.20.1-20230612.114412-srg.jar%23419!/:?]
	at java.util.HashMap.forEach(HashMap.java:1421) ~[?:?]
	at net.minecraft.world.level.storage.loot.LootDataManager.m_278660_(LootDataManager.java:55) ~[server-1.20.1-20230612.114412-srg.jar%23419!/:?]
	at java.util.concurrent.CompletableFuture$AsyncRun.run(CompletableFuture.java:1804) ~[?:?]
	at java.util.concurrent.CompletableFuture$AsyncRun.exec(CompletableFuture.java:1796) ~[?:?]
	at java.util.concurrent.ForkJoinTask.doExec(ForkJoinTask.java:373) ~[?:?]
	at java.util.concurrent.ForkJoinPool$WorkQueue.topLevelExec(ForkJoinPool.java:1182) ~[?:?]
	at java.util.concurrent.ForkJoinPool.scan(ForkJoinPool.java:1655) ~[?:?]
	at java.util.concurrent.ForkJoinPool.runWorker(ForkJoinPool.java:1622) ~[?:?]
	at java.util.concurrent.ForkJoinWorkerThread.run(ForkJoinWorkerThread.java:165) ~[?:?]
[10Aug2025 02:31:01.398] [Worker-Main-2/ERROR] [net.minecraftforge.common.ForgeHooks/]: Couldn't parse element loot_tables:outer_end:blocks/azure_post
com.google.gson.JsonSyntaxException: Expected name to be an item, was unknown string 'outer_end:azure_post'
	at net.minecraft.util.GsonHelper.m_13866_(GsonHelper.java:145) ~[server-1.20.1-20230612.114412-srg.jar%23419!/:?]
	at java.util.Optional.orElseThrow(Optional.java:403) ~[?:?]
	at net.minecraft.util.GsonHelper.m_13874_(GsonHelper.java:145) ~[server-1.20.1-20230612.114412-srg.jar%23419!/:?]
	at net.minecraft.util.GsonHelper.m_13909_(GsonHelper.java:153) ~[server-1.20.1-20230612.114412-srg.jar%23419!/:?]
	at net.minecraft.world.level.storage.loot.entries.LootItem$Serializer.m_7267_(LootItem.java:55) ~[server-1.20.1-20230612.114412-srg.jar%23419!/:?]
	at net.minecraft.world.level.storage.loot.entries.LootItem$Serializer.m_7267_(LootItem.java:40) ~[server-1.20.1-20230612.114412-srg.jar%23419!/:?]
	at net.minecraft.world.level.storage.loot.entries.LootPoolSingletonContainer$Serializer.m_5921_(LootPoolSingletonContainer.java:151) ~[server-1.20.1-20230612.114412-srg.jar%23419!/:?]
	at net.minecraft.world.level.storage.loot.entries.LootPoolSingletonContainer$Serializer.m_5921_(LootPoolSingletonContainer.java:129) ~[server-1.20.1-20230612.114412-srg.jar%23419!/:?]
	at net.minecraft.world.level.storage.loot.entries.LootPoolEntryContainer$Serializer.m_7561_(LootPoolEntryContainer.java:86) ~[server-1.20.1-20230612.114412-srg.jar%23419!/:?]
	at net.minecraft.world.level.storage.loot.entries.LootPoolEntryContainer$Serializer.m_7561_(LootPoolEntryContainer.java:74) ~[server-1.20.1-20230612.114412-srg.jar%23419!/:?]
	at net.minecraft.world.level.storage.loot.GsonAdapterFactory$JsonAdapter.deserialize(GsonAdapterFactory.java:102) ~[server-1.20.1-20230612.114412-srg.jar%23419!/:?]
	at com.google.gson.internal.bind.TreeTypeAdapter.read(TreeTypeAdapter.java:76) ~[gson-2.10.jar%2372!/:?]
	at com.google.gson.internal.bind.TypeAdapterRuntimeTypeWrapper.read(TypeAdapterRuntimeTypeWrapper.java:40) ~[gson-2.10.jar%2372!/:?]
	at com.google.gson.internal.bind.ArrayTypeAdapter.read(ArrayTypeAdapter.java:72) ~[gson-2.10.jar%2372!/:?]
	at com.google.gson.Gson.fromJson(Gson.java:1214) ~[gson-2.10.jar%2372!/:?]
	at com.google.gson.Gson.fromJson(Gson.java:1319) ~[gson-2.10.jar%2372!/:?]
	at com.google.gson.Gson.fromJson(Gson.java:1290) ~[gson-2.10.jar%2372!/:?]
	at com.google.gson.internal.bind.TreeTypeAdapter$GsonContextImpl.deserialize(TreeTypeAdapter.java:179) ~[gson-2.10.jar%2372!/:?]
	at net.minecraft.util.GsonHelper.m_13808_(GsonHelper.java:463) ~[server-1.20.1-20230612.114412-srg.jar%23419!/:?]
	at net.minecraft.util.GsonHelper.m_13836_(GsonHelper.java:471) ~[server-1.20.1-20230612.114412-srg.jar%23419!/:?]
	at net.minecraft.world.level.storage.loot.LootPool$Serializer.deserialize(LootPool.java:192) ~[server-1.20.1-20230612.114412-srg.jar%23419!/:?]
	at net.minecraft.world.level.storage.loot.LootPool$Serializer.deserialize(LootPool.java:189) ~[server-1.20.1-20230612.114412-srg.jar%23419!/:?]
	at com.google.gson.internal.bind.TreeTypeAdapter.read(TreeTypeAdapter.java:76) ~[gson-2.10.jar%2372!/:?]
	at com.google.gson.internal.bind.TypeAdapterRuntimeTypeWrapper.read(TypeAdapterRuntimeTypeWrapper.java:40) ~[gson-2.10.jar%2372!/:?]
	at com.google.gson.internal.bind.ArrayTypeAdapter.read(ArrayTypeAdapter.java:72) ~[gson-2.10.jar%2372!/:?]
	at com.google.gson.Gson.fromJson(Gson.java:1214) ~[gson-2.10.jar%2372!/:?]
	at com.google.gson.Gson.fromJson(Gson.java:1319) ~[gson-2.10.jar%2372!/:?]
	at com.google.gson.Gson.fromJson(Gson.java:1290) ~[gson-2.10.jar%2372!/:?]
	at com.google.gson.internal.bind.TreeTypeAdapter$GsonContextImpl.deserialize(TreeTypeAdapter.java:179) ~[gson-2.10.jar%2372!/:?]
	at net.minecraft.util.GsonHelper.m_13808_(GsonHelper.java:463) ~[server-1.20.1-20230612.114412-srg.jar%23419!/:?]
	at net.minecraft.util.GsonHelper.m_13845_(GsonHelper.java:481) ~[server-1.20.1-20230612.114412-srg.jar%23419!/:?]
	at net.minecraft.world.level.storage.loot.LootTable$Serializer.deserialize(LootTable.java:294) ~[server-1.20.1-20230612.114412-srg.jar%23419!/:?]
	at net.minecraft.world.level.storage.loot.LootTable$Serializer.deserialize(LootTable.java:291) ~[server-1.20.1-20230612.114412-srg.jar%23419!/:?]
	at com.google.gson.internal.bind.TreeTypeAdapter.read(TreeTypeAdapter.java:76) ~[gson-2.10.jar%2372!/:?]
	at com.google.gson.Gson.fromJson(Gson.java:1214) ~[gson-2.10.jar%2372!/:?]
	at com.google.gson.Gson.fromJson(Gson.java:1319) ~[gson-2.10.jar%2372!/:?]
	at com.google.gson.Gson.fromJson(Gson.java:1261) ~[gson-2.10.jar%2372!/:?]
	at net.minecraftforge.common.ForgeHooks.loadLootTable(ForgeHooks.java:871) ~[forge-1.20.1-47.3.7-universal.jar%23424!/:?]
	at net.minecraftforge.common.ForgeHooks.lambda$getLootTableDeserializer$3(ForgeHooks.java:848) ~[forge-1.20.1-47.3.7-universal.jar%23424!/:?]
	at net.minecraft.world.level.storage.loot.LootDataType.deserialize(LootDataType.java:45) ~[server-1.20.1-20230612.114412-srg.jar%23419!/:?]
	at net.minecraft.world.level.storage.loot.LootDataManager.lambda$scheduleElementParse$4(LootDataManager.java:56) ~[server-1.20.1-20230612.114412-srg.jar%23419!/:?]
	at java.util.HashMap.forEach(HashMap.java:1421) ~[?:?]
	at net.minecraft.world.level.storage.loot.LootDataManager.m_278660_(LootDataManager.java:55) ~[server-1.20.1-20230612.114412-srg.jar%23419!/:?]
	at java.util.concurrent.CompletableFuture$AsyncRun.run(CompletableFuture.java:1804) ~[?:?]
	at java.util.concurrent.CompletableFuture$AsyncRun.exec(CompletableFuture.java:1796) ~[?:?]
	at java.util.concurrent.ForkJoinTask.doExec(ForkJoinTask.java:373) ~[?:?]
	at java.util.concurrent.ForkJoinPool$WorkQueue.topLevelExec(ForkJoinPool.java:1182) ~[?:?]
	at java.util.concurrent.ForkJoinPool.scan(ForkJoinPool.java:1655) ~[?:?]
	at java.util.concurrent.ForkJoinPool.runWorker(ForkJoinPool.java:1622) ~[?:?]
	at java.util.concurrent.ForkJoinWorkerThread.run(ForkJoinWorkerThread.java:165) ~[?:?]
[10Aug2025 02:31:01.448] [Worker-Main-2/ERROR] [net.minecraftforge.common.ForgeHooks/]: Couldn't parse element loot_tables:outer_end:blocks/himmel_vertical_slab
java.lang.IllegalArgumentException: Can't find block outer_end:himmel_vertical_slab
	at net.minecraft.world.level.storage.loot.predicates.LootItemBlockStatePropertyCondition$Serializer.m_81802_(LootItemBlockStatePropertyCondition.java:79) ~[server-1.20.1-20230612.114412-srg.jar%23419!/:?]
	at java.util.Optional.orElseThrow(Optional.java:403) ~[?:?]
	at net.minecraft.world.level.storage.loot.predicates.LootItemBlockStatePropertyCondition$Serializer.m_7561_(LootItemBlockStatePropertyCondition.java:79) ~[server-1.20.1-20230612.114412-srg.jar%23419!/:?]
	at net.minecraft.world.level.storage.loot.predicates.LootItemBlockStatePropertyCondition$Serializer.m_7561_(LootItemBlockStatePropertyCondition.java:68) ~[server-1.20.1-20230612.114412-srg.jar%23419!/:?]
	at net.minecraft.world.level.storage.loot.GsonAdapterFactory$JsonAdapter.deserialize(GsonAdapterFactory.java:102) ~[server-1.20.1-20230612.114412-srg.jar%23419!/:?]
	at com.google.gson.internal.bind.TreeTypeAdapter.read(TreeTypeAdapter.java:76) ~[gson-2.10.jar%2372!/:?]
	at com.google.gson.internal.bind.TypeAdapterRuntimeTypeWrapper.read(TypeAdapterRuntimeTypeWrapper.java:40) ~[gson-2.10.jar%2372!/:?]
	at com.google.gson.internal.bind.ArrayTypeAdapter.read(ArrayTypeAdapter.java:72) ~[gson-2.10.jar%2372!/:?]
	at com.google.gson.Gson.fromJson(Gson.java:1214) ~[gson-2.10.jar%2372!/:?]
	at com.google.gson.Gson.fromJson(Gson.java:1319) ~[gson-2.10.jar%2372!/:?]
	at com.google.gson.Gson.fromJson(Gson.java:1290) ~[gson-2.10.jar%2372!/:?]
	at com.google.gson.internal.bind.TreeTypeAdapter$GsonContextImpl.deserialize(TreeTypeAdapter.java:179) ~[gson-2.10.jar%2372!/:?]
	at net.minecraft.util.GsonHelper.m_13808_(GsonHelper.java:463) ~[server-1.20.1-20230612.114412-srg.jar%23419!/:?]
	at net.minecraft.util.GsonHelper.m_13845_(GsonHelper.java:481) ~[server-1.20.1-20230612.114412-srg.jar%23419!/:?]
	at net.minecraft.world.level.storage.loot.functions.LootItemConditionalFunction$Serializer.m_7561_(LootItemConditionalFunction.java:98) ~[server-1.20.1-20230612.114412-srg.jar%23419!/:?]
	at net.minecraft.world.level.storage.loot.functions.LootItemConditionalFunction$Serializer.m_7561_(LootItemConditionalFunction.java:88) ~[server-1.20.1-20230612.114412-srg.jar%23419!/:?]
	at net.minecraft.world.level.storage.loot.GsonAdapterFactory$JsonAdapter.deserialize(GsonAdapterFactory.java:102) ~[server-1.20.1-20230612.114412-srg.jar%23419!/:?]
	at com.google.gson.internal.bind.TreeTypeAdapter.read(TreeTypeAdapter.java:76) ~[gson-2.10.jar%2372!/:?]
	at com.google.gson.internal.bind.TypeAdapterRuntimeTypeWrapper.read(TypeAdapterRuntimeTypeWrapper.java:40) ~[gson-2.10.jar%2372!/:?]
	at com.google.gson.internal.bind.ArrayTypeAdapter.read(ArrayTypeAdapter.java:72) ~[gson-2.10.jar%2372!/:?]
	at com.google.gson.Gson.fromJson(Gson.java:1214) ~[gson-2.10.jar%2372!/:?]
	at com.google.gson.Gson.fromJson(Gson.java:1319) ~[gson-2.10.jar%2372!/:?]
	at com.google.gson.Gson.fromJson(Gson.java:1290) ~[gson-2.10.jar%2372!/:?]
	at com.google.gson.internal.bind.TreeTypeAdapter$GsonContextImpl.deserialize(TreeTypeAdapter.java:179) ~[gson-2.10.jar%2372!/:?]
	at net.minecraft.util.GsonHelper.m_13808_(GsonHelper.java:463) ~[server-1.20.1-20230612.114412-srg.jar%23419!/:?]
	at net.minecraft.util.GsonHelper.m_13845_(GsonHelper.java:481) ~[server-1.20.1-20230612.114412-srg.jar%23419!/:?]
	at net.minecraft.world.level.storage.loot.entries.LootPoolSingletonContainer$Serializer.m_5921_(LootPoolSingletonContainer.java:149) ~[server-1.20.1-20230612.114412-srg.jar%23419!/:?]
	at net.minecraft.world.level.storage.loot.entries.LootPoolSingletonContainer$Serializer.m_5921_(LootPoolSingletonContainer.java:129) ~[server-1.20.1-20230612.114412-srg.jar%23419!/:?]
	at net.minecraft.world.level.storage.loot.entries.LootPoolEntryContainer$Serializer.m_7561_(LootPoolEntryContainer.java:86) ~[server-1.20.1-20230612.114412-srg.jar%23419!/:?]
	at net.minecraft.world.level.storage.loot.entries.LootPoolEntryContainer$Serializer.m_7561_(LootPoolEntryContainer.java:74) ~[server-1.20.1-20230612.114412-srg.jar%23419!/:?]
	at net.minecraft.world.level.storage.loot.GsonAdapterFactory$JsonAdapter.deserialize(GsonAdapterFactory.java:102) ~[server-1.20.1-20230612.114412-srg.jar%23419!/:?]
	at com.google.gson.internal.bind.TreeTypeAdapter.read(TreeTypeAdapter.java:76) ~[gson-2.10.jar%2372!/:?]
	at com.google.gson.internal.bind.TypeAdapterRuntimeTypeWrapper.read(TypeAdapterRuntimeTypeWrapper.java:40) ~[gson-2.10.jar%2372!/:?]
	at com.google.gson.internal.bind.ArrayTypeAdapter.read(ArrayTypeAdapter.java:72) ~[gson-2.10.jar%2372!/:?]
	at com.google.gson.Gson.fromJson(Gson.java:1214) ~[gson-2.10.jar%2372!/:?]
	at com.google.gson.Gson.fromJson(Gson.java:1319) ~[gson-2.10.jar%2372!/:?]
	at com.google.gson.Gson.fromJson(Gson.java:1290) ~[gson-2.10.jar%2372!/:?]
	at com.google.gson.internal.bind.TreeTypeAdapter$GsonContextImpl.deserialize(TreeTypeAdapter.java:179) ~[gson-2.10.jar%2372!/:?]
	at net.minecraft.util.GsonHelper.m_13808_(GsonHelper.java:463) ~[server-1.20.1-20230612.114412-srg.jar%23419!/:?]
	at net.minecraft.util.GsonHelper.m_13836_(GsonHelper.java:471) ~[server-1.20.1-20230612.114412-srg.jar%23419!/:?]
	at net.minecraft.world.level.storage.loot.LootPool$Serializer.deserialize(LootPool.java:192) ~[server-1.20.1-20230612.114412-srg.jar%23419!/:?]
	at net.minecraft.world.level.storage.loot.LootPool$Serializer.deserialize(LootPool.java:189) ~[server-1.20.1-20230612.114412-srg.jar%23419!/:?]
	at com.google.gson.internal.bind.TreeTypeAdapter.read(TreeTypeAdapter.java:76) ~[gson-2.10.jar%2372!/:?]
	at com.google.gson.internal.bind.TypeAdapterRuntimeTypeWrapper.read(TypeAdapterRuntimeTypeWrapper.java:40) ~[gson-2.10.jar%2372!/:?]
	at com.google.gson.internal.bind.ArrayTypeAdapter.read(ArrayTypeAdapter.java:72) ~[gson-2.10.jar%2372!/:?]
	at com.google.gson.Gson.fromJson(Gson.java:1214) ~[gson-2.10.jar%2372!/:?]
	at com.google.gson.Gson.fromJson(Gson.java:1319) ~[gson-2.10.jar%2372!/:?]
	at com.google.gson.Gson.fromJson(Gson.java:1290) ~[gson-2.10.jar%2372!/:?]
	at com.google.gson.internal.bind.TreeTypeAdapter$GsonContextImpl.deserialize(TreeTypeAdapter.java:179) ~[gson-2.10.jar%2372!/:?]
	at net.minecraft.util.GsonHelper.m_13808_(GsonHelper.java:463) ~[server-1.20.1-20230612.114412-srg.jar%23419!/:?]
	at net.minecraft.util.GsonHelper.m_13845_(GsonHelper.java:481) ~[server-1.20.1-20230612.114412-srg.jar%23419!/:?]
	at net.minecraft.world.level.storage.loot.LootTable$Serializer.deserialize(LootTable.java:294) ~[server-1.20.1-20230612.114412-srg.jar%23419!/:?]
	at net.minecraft.world.level.storage.loot.LootTable$Serializer.deserialize(LootTable.java:291) ~[server-1.20.1-20230612.114412-srg.jar%23419!/:?]
	at com.google.gson.internal.bind.TreeTypeAdapter.read(TreeTypeAdapter.java:76) ~[gson-2.10.jar%2372!/:?]
	at com.google.gson.Gson.fromJson(Gson.java:1214) ~[gson-2.10.jar%2372!/:?]
	at com.google.gson.Gson.fromJson(Gson.java:1319) ~[gson-2.10.jar%2372!/:?]
	at com.google.gson.Gson.fromJson(Gson.java:1261) ~[gson-2.10.jar%2372!/:?]
	at net.minecraftforge.common.ForgeHooks.loadLootTable(ForgeHooks.java:871) ~[forge-1.20.1-47.3.7-universal.jar%23424!/:?]
	at net.minecraftforge.common.ForgeHooks.lambda$getLootTableDeserializer$3(ForgeHooks.java:848) ~[forge-1.20.1-47.3.7-universal.jar%23424!/:?]
	at net.minecraft.world.level.storage.loot.LootDataType.deserialize(LootDataType.java:45) ~[server-1.20.1-20230612.114412-srg.jar%23419!/:?]
	at net.minecraft.world.level.storage.loot.LootDataManager.lambda$scheduleElementParse$4(LootDataManager.java:56) ~[server-1.20.1-20230612.114412-srg.jar%23419!/:?]
	at java.util.HashMap.forEach(HashMap.java:1421) ~[?:?]
	at net.minecraft.world.level.storage.loot.LootDataManager.m_278660_(LootDataManager.java:55) ~[server-1.20.1-20230612.114412-srg.jar%23419!/:?]
	at java.util.concurrent.CompletableFuture$AsyncRun.run(CompletableFuture.java:1804) ~[?:?]
	at java.util.concurrent.CompletableFuture$AsyncRun.exec(CompletableFuture.java:1796) ~[?:?]
	at java.util.concurrent.ForkJoinTask.doExec(ForkJoinTask.java:373) ~[?:?]
	at java.util.concurrent.ForkJoinPool$WorkQueue.topLevelExec(ForkJoinPool.java:1182) ~[?:?]
	at java.util.concurrent.ForkJoinPool.scan(ForkJoinPool.java:1655) ~[?:?]
	at java.util.concurrent.ForkJoinPool.runWorker(ForkJoinPool.java:1622) ~[?:?]
	at java.util.concurrent.ForkJoinWorkerThread.run(ForkJoinWorkerThread.java:165) ~[?:?]
[10Aug2025 02:31:01.485] [Worker-Main-2/ERROR] [net.minecraftforge.common.ForgeHooks/]: Couldn't parse element loot_tables:overweight_farming:blocks/overweight_kiwi_block
com.google.gson.JsonSyntaxException: Expected name to be an item, was unknown string 'hedgehog:kiwi'
	at net.minecraft.util.GsonHelper.m_13866_(GsonHelper.java:145) ~[server-1.20.1-20230612.114412-srg.jar%23419!/:?]
	at java.util.Optional.orElseThrow(Optional.java:403) ~[?:?]
	at net.minecraft.util.GsonHelper.m_13874_(GsonHelper.java:145) ~[server-1.20.1-20230612.114412-srg.jar%23419!/:?]
	at net.minecraft.util.GsonHelper.m_13909_(GsonHelper.java:153) ~[server-1.20.1-20230612.114412-srg.jar%23419!/:?]
	at net.minecraft.world.level.storage.loot.entries.LootItem$Serializer.m_7267_(LootItem.java:55) ~[server-1.20.1-20230612.114412-srg.jar%23419!/:?]
	at net.minecraft.world.level.storage.loot.entries.LootItem$Serializer.m_7267_(LootItem.java:40) ~[server-1.20.1-20230612.114412-srg.jar%23419!/:?]
	at net.minecraft.world.level.storage.loot.entries.LootPoolSingletonContainer$Serializer.m_5921_(LootPoolSingletonContainer.java:151) ~[server-1.20.1-20230612.114412-srg.jar%23419!/:?]
	at net.minecraft.world.level.storage.loot.entries.LootPoolSingletonContainer$Serializer.m_5921_(LootPoolSingletonContainer.java:129) ~[server-1.20.1-20230612.114412-srg.jar%23419!/:?]
	at net.minecraft.world.level.storage.loot.entries.LootPoolEntryContainer$Serializer.m_7561_(LootPoolEntryContainer.java:86) ~[server-1.20.1-20230612.114412-srg.jar%23419!/:?]
	at net.minecraft.world.level.storage.loot.entries.LootPoolEntryContainer$Serializer.m_7561_(LootPoolEntryContainer.java:74) ~[server-1.20.1-20230612.114412-srg.jar%23419!/:?]
	at net.minecraft.world.level.storage.loot.GsonAdapterFactory$JsonAdapter.deserialize(GsonAdapterFactory.java:102) ~[server-1.20.1-20230612.114412-srg.jar%23419!/:?]
	at com.google.gson.internal.bind.TreeTypeAdapter.read(TreeTypeAdapter.java:76) ~[gson-2.10.jar%2372!/:?]
	at com.google.gson.internal.bind.TypeAdapterRuntimeTypeWrapper.read(TypeAdapterRuntimeTypeWrapper.java:40) ~[gson-2.10.jar%2372!/:?]
	at com.google.gson.internal.bind.ArrayTypeAdapter.read(ArrayTypeAdapter.java:72) ~[gson-2.10.jar%2372!/:?]
	at com.google.gson.Gson.fromJson(Gson.java:1214) ~[gson-2.10.jar%2372!/:?]
	at com.google.gson.Gson.fromJson(Gson.java:1319) ~[gson-2.10.jar%2372!/:?]
	at com.google.gson.Gson.fromJson(Gson.java:1290) ~[gson-2.10.jar%2372!/:?]
	at com.google.gson.internal.bind.TreeTypeAdapter$GsonContextImpl.deserialize(TreeTypeAdapter.java:179) ~[gson-2.10.jar%2372!/:?]
	at net.minecraft.util.GsonHelper.m_13808_(GsonHelper.java:463) ~[server-1.20.1-20230612.114412-srg.jar%23419!/:?]
	at net.minecraft.util.GsonHelper.m_13836_(GsonHelper.java:471) ~[server-1.20.1-20230612.114412-srg.jar%23419!/:?]
	at net.minecraft.world.level.storage.loot.entries.CompositeEntryBase$1.m_5921_(CompositeEntryBase.java:61) ~[server-1.20.1-20230612.114412-srg.jar%23419!/:?]
	at net.minecraft.world.level.storage.loot.entries.CompositeEntryBase$1.m_5921_(CompositeEntryBase.java:53) ~[server-1.20.1-20230612.114412-srg.jar%23419!/:?]
	at net.minecraft.world.level.storage.loot.entries.LootPoolEntryContainer$Serializer.m_7561_(LootPoolEntryContainer.java:86) ~[server-1.20.1-20230612.114412-srg.jar%23419!/:?]
	at net.minecraft.world.level.storage.loot.entries.LootPoolEntryContainer$Serializer.m_7561_(LootPoolEntryContainer.java:74) ~[server-1.20.1-20230612.114412-srg.jar%23419!/:?]
	at net.minecraft.world.level.storage.loot.GsonAdapterFactory$JsonAdapter.deserialize(GsonAdapterFactory.java:102) ~[server-1.20.1-20230612.114412-srg.jar%23419!/:?]
	at com.google.gson.internal.bind.TreeTypeAdapter.read(TreeTypeAdapter.java:76) ~[gson-2.10.jar%2372!/:?]
	at com.google.gson.internal.bind.TypeAdapterRuntimeTypeWrapper.read(TypeAdapterRuntimeTypeWrapper.java:40) ~[gson-2.10.jar%2372!/:?]
	at com.google.gson.internal.bind.ArrayTypeAdapter.read(ArrayTypeAdapter.java:72) ~[gson-2.10.jar%2372!/:?]
	at com.google.gson.Gson.fromJson(Gson.java:1214) ~[gson-2.10.jar%2372!/:?]
	at com.google.gson.Gson.fromJson(Gson.java:1319) ~[gson-2.10.jar%2372!/:?]
	at com.google.gson.Gson.fromJson(Gson.java:1290) ~[gson-2.10.jar%2372!/:?]
	at com.google.gson.internal.bind.TreeTypeAdapter$GsonContextImpl.deserialize(TreeTypeAdapter.java:179) ~[gson-2.10.jar%2372!/:?]
	at net.minecraft.util.GsonHelper.m_13808_(GsonHelper.java:463) ~[server-1.20.1-20230612.114412-srg.jar%23419!/:?]
	at net.minecraft.util.GsonHelper.m_13836_(GsonHelper.java:471) ~[server-1.20.1-20230612.114412-srg.jar%23419!/:?]
	at net.minecraft.world.level.storage.loot.entries.CompositeEntryBase$1.m_5921_(CompositeEntryBase.java:61) ~[server-1.20.1-20230612.114412-srg.jar%23419!/:?]
	at net.minecraft.world.level.storage.loot.entries.CompositeEntryBase$1.m_5921_(CompositeEntryBase.java:53) ~[server-1.20.1-20230612.114412-srg.jar%23419!/:?]
	at net.minecraft.world.level.storage.loot.entries.LootPoolEntryContainer$Serializer.m_7561_(LootPoolEntryContainer.java:86) ~[server-1.20.1-20230612.114412-srg.jar%23419!/:?]
	at net.minecraft.world.level.storage.loot.entries.LootPoolEntryContainer$Serializer.m_7561_(LootPoolEntryContainer.java:74) ~[server-1.20.1-20230612.114412-srg.jar%23419!/:?]
	at net.minecraft.world.level.storage.loot.GsonAdapterFactory$JsonAdapter.deserialize(GsonAdapterFactory.java:102) ~[server-1.20.1-20230612.114412-srg.jar%23419!/:?]
	at com.google.gson.internal.bind.TreeTypeAdapter.read(TreeTypeAdapter.java:76) ~[gson-2.10.jar%2372!/:?]
	at com.google.gson.internal.bind.TypeAdapterRuntimeTypeWrapper.read(TypeAdapterRuntimeTypeWrapper.java:40) ~[gson-2.10.jar%2372!/:?]
	at com.google.gson.internal.bind.ArrayTypeAdapter.read(ArrayTypeAdapter.java:72) ~[gson-2.10.jar%2372!/:?]
	at com.google.gson.Gson.fromJson(Gson.java:1214) ~[gson-2.10.jar%2372!/:?]
	at com.google.gson.Gson.fromJson(Gson.java:1319) ~[gson-2.10.jar%2372!/:?]
	at com.google.gson.Gson.fromJson(Gson.java:1290) ~[gson-2.10.jar%2372!/:?]
	at com.google.gson.internal.bind.TreeTypeAdapter$GsonContextImpl.deserialize(TreeTypeAdapter.java:179) ~[gson-2.10.jar%2372!/:?]
	at net.minecraft.util.GsonHelper.m_13808_(GsonHelper.java:463) ~[server-1.20.1-20230612.114412-srg.jar%23419!/:?]
	at net.minecraft.util.GsonHelper.m_13836_(GsonHelper.java:471) ~[server-1.20.1-20230612.114412-srg.jar%23419!/:?]
	at net.minecraft.world.level.storage.loot.LootPool$Serializer.deserialize(LootPool.java:192) ~[server-1.20.1-20230612.114412-srg.jar%23419!/:?]
	at net.minecraft.world.level.storage.loot.LootPool$Serializer.deserialize(LootPool.java:189) ~[server-1.20.1-20230612.114412-srg.jar%23419!/:?]
	at com.google.gson.internal.bind.TreeTypeAdapter.read(TreeTypeAdapter.java:76) ~[gson-2.10.jar%2372!/:?]
	at com.google.gson.internal.bind.TypeAdapterRuntimeTypeWrapper.read(TypeAdapterRuntimeTypeWrapper.java:40) ~[gson-2.10.jar%2372!/:?]
	at com.google.gson.internal.bind.ArrayTypeAdapter.read(ArrayTypeAdapter.java:72) ~[gson-2.10.jar%2372!/:?]
	at com.google.gson.Gson.fromJson(Gson.java:1214) ~[gson-2.10.jar%2372!/:?]
	at com.google.gson.Gson.fromJson(Gson.java:1319) ~[gson-2.10.jar%2372!/:?]
	at com.google.gson.Gson.fromJson(Gson.java:1290) ~[gson-2.10.jar%2372!/:?]
	at com.google.gson.internal.bind.TreeTypeAdapter$GsonContextImpl.deserialize(TreeTypeAdapter.java:179) ~[gson-2.10.jar%2372!/:?]
	at net.minecraft.util.GsonHelper.m_13808_(GsonHelper.java:463) ~[server-1.20.1-20230612.114412-srg.jar%23419!/:?]
	at net.minecraft.util.GsonHelper.m_13845_(GsonHelper.java:481) ~[server-1.20.1-20230612.114412-srg.jar%23419!/:?]
	at net.minecraft.world.level.storage.loot.LootTable$Serializer.deserialize(LootTable.java:294) ~[server-1.20.1-20230612.114412-srg.jar%23419!/:?]
	at net.minecraft.world.level.storage.loot.LootTable$Serializer.deserialize(LootTable.java:291) ~[server-1.20.1-20230612.114412-srg.jar%23419!/:?]
	at com.google.gson.internal.bind.TreeTypeAdapter.read(TreeTypeAdapter.java:76) ~[gson-2.10.jar%2372!/:?]
	at com.google.gson.Gson.fromJson(Gson.java:1214) ~[gson-2.10.jar%2372!/:?]
	at com.google.gson.Gson.fromJson(Gson.java:1319) ~[gson-2.10.jar%2372!/:?]
	at com.google.gson.Gson.fromJson(Gson.java:1261) ~[gson-2.10.jar%2372!/:?]
	at net.minecraftforge.common.ForgeHooks.loadLootTable(ForgeHooks.java:871) ~[forge-1.20.1-47.3.7-universal.jar%23424!/:?]
	at net.minecraftforge.common.ForgeHooks.lambda$getLootTableDeserializer$3(ForgeHooks.java:848) ~[forge-1.20.1-47.3.7-universal.jar%23424!/:?]
	at net.minecraft.world.level.storage.loot.LootDataType.deserialize(LootDataType.java:45) ~[server-1.20.1-20230612.114412-srg.jar%23419!/:?]
	at net.minecraft.world.level.storage.loot.LootDataManager.lambda$scheduleElementParse$4(LootDataManager.java:56) ~[server-1.20.1-20230612.114412-srg.jar%23419!/:?]
	at java.util.HashMap.forEach(HashMap.java:1421) ~[?:?]
	at net.minecraft.world.level.storage.loot.LootDataManager.m_278660_(LootDataManager.java:55) ~[server-1.20.1-20230612.114412-srg.jar%23419!/:?]
	at java.util.concurrent.CompletableFuture$AsyncRun.run(CompletableFuture.java:1804) ~[?:?]
	at java.util.concurrent.CompletableFuture$AsyncRun.exec(CompletableFuture.java:1796) ~[?:?]
	at java.util.concurrent.ForkJoinTask.doExec(ForkJoinTask.java:373) ~[?:?]
	at java.util.concurrent.ForkJoinPool$WorkQueue.topLevelExec(ForkJoinPool.java:1182) ~[?:?]
	at java.util.concurrent.ForkJoinPool.scan(ForkJoinPool.java:1655) ~[?:?]
	at java.util.concurrent.ForkJoinPool.runWorker(ForkJoinPool.java:1622) ~[?:?]
	at java.util.concurrent.ForkJoinWorkerThread.run(ForkJoinWorkerThread.java:165) ~[?:?]
[10Aug2025 02:31:01.512] [Worker-Main-2/ERROR] [net.minecraftforge.common.ForgeHooks/]: Couldn't parse element loot_tables:mynethersdelight:blocks/blackstone_cooking_pot
com.google.gson.JsonSyntaxException: Unknown type 'mynethersdelight:copy_meal'
	at net.minecraft.world.level.storage.loot.GsonAdapterFactory$JsonAdapter.deserialize(GsonAdapterFactory.java:99) ~[server-1.20.1-20230612.114412-srg.jar%23419!/:?]
	at com.google.gson.internal.bind.TreeTypeAdapter.read(TreeTypeAdapter.java:76) ~[gson-2.10.jar%2372!/:?]
	at com.google.gson.internal.bind.TypeAdapterRuntimeTypeWrapper.read(TypeAdapterRuntimeTypeWrapper.java:40) ~[gson-2.10.jar%2372!/:?]
	at com.google.gson.internal.bind.ArrayTypeAdapter.read(ArrayTypeAdapter.java:72) ~[gson-2.10.jar%2372!/:?]
	at com.google.gson.Gson.fromJson(Gson.java:1214) ~[gson-2.10.jar%2372!/:?]
	at com.google.gson.Gson.fromJson(Gson.java:1319) ~[gson-2.10.jar%2372!/:?]
	at com.google.gson.Gson.fromJson(Gson.java:1290) ~[gson-2.10.jar%2372!/:?]
	at com.google.gson.internal.bind.TreeTypeAdapter$GsonContextImpl.deserialize(TreeTypeAdapter.java:179) ~[gson-2.10.jar%2372!/:?]
	at net.minecraft.util.GsonHelper.m_13808_(GsonHelper.java:463) ~[server-1.20.1-20230612.114412-srg.jar%23419!/:?]
	at net.minecraft.util.GsonHelper.m_13845_(GsonHelper.java:481) ~[server-1.20.1-20230612.114412-srg.jar%23419!/:?]
	at net.minecraft.world.level.storage.loot.entries.LootPoolSingletonContainer$Serializer.m_5921_(LootPoolSingletonContainer.java:149) ~[server-1.20.1-20230612.114412-srg.jar%23419!/:?]
	at net.minecraft.world.level.storage.loot.entries.LootPoolSingletonContainer$Serializer.m_5921_(LootPoolSingletonContainer.java:129) ~[server-1.20.1-20230612.114412-srg.jar%23419!/:?]
	at net.minecraft.world.level.storage.loot.entries.LootPoolEntryContainer$Serializer.m_7561_(LootPoolEntryContainer.java:86) ~[server-1.20.1-20230612.114412-srg.jar%23419!/:?]
	at net.minecraft.world.level.storage.loot.entries.LootPoolEntryContainer$Serializer.m_7561_(LootPoolEntryContainer.java:74) ~[server-1.20.1-20230612.114412-srg.jar%23419!/:?]
	at net.minecraft.world.level.storage.loot.GsonAdapterFactory$JsonAdapter.deserialize(GsonAdapterFactory.java:102) ~[server-1.20.1-20230612.114412-srg.jar%23419!/:?]
	at com.google.gson.internal.bind.TreeTypeAdapter.read(TreeTypeAdapter.java:76) ~[gson-2.10.jar%2372!/:?]
	at com.google.gson.internal.bind.TypeAdapterRuntimeTypeWrapper.read(TypeAdapterRuntimeTypeWrapper.java:40) ~[gson-2.10.jar%2372!/:?]
	at com.google.gson.internal.bind.ArrayTypeAdapter.read(ArrayTypeAdapter.java:72) ~[gson-2.10.jar%2372!/:?]
	at com.google.gson.Gson.fromJson(Gson.java:1214) ~[gson-2.10.jar%2372!/:?]
	at com.google.gson.Gson.fromJson(Gson.java:1319) ~[gson-2.10.jar%2372!/:?]
	at com.google.gson.Gson.fromJson(Gson.java:1290) ~[gson-2.10.jar%2372!/:?]
	at com.google.gson.internal.bind.TreeTypeAdapter$GsonContextImpl.deserialize(TreeTypeAdapter.java:179) ~[gson-2.10.jar%2372!/:?]
	at net.minecraft.util.GsonHelper.m_13808_(GsonHelper.java:463) ~[server-1.20.1-20230612.114412-srg.jar%23419!/:?]
	at net.minecraft.util.GsonHelper.m_13836_(GsonHelper.java:471) ~[server-1.20.1-20230612.114412-srg.jar%23419!/:?]
	at net.minecraft.world.level.storage.loot.LootPool$Serializer.deserialize(LootPool.java:192) ~[server-1.20.1-20230612.114412-srg.jar%23419!/:?]
	at net.minecraft.world.level.storage.loot.LootPool$Serializer.deserialize(LootPool.java:189) ~[server-1.20.1-20230612.114412-srg.jar%23419!/:?]
	at com.google.gson.internal.bind.TreeTypeAdapter.read(TreeTypeAdapter.java:76) ~[gson-2.10.jar%2372!/:?]
	at com.google.gson.internal.bind.TypeAdapterRuntimeTypeWrapper.read(TypeAdapterRuntimeTypeWrapper.java:40) ~[gson-2.10.jar%2372!/:?]
	at com.google.gson.internal.bind.ArrayTypeAdapter.read(ArrayTypeAdapter.java:72) ~[gson-2.10.jar%2372!/:?]
	at com.google.gson.Gson.fromJson(Gson.java:1214) ~[gson-2.10.jar%2372!/:?]
	at com.google.gson.Gson.fromJson(Gson.java:1319) ~[gson-2.10.jar%2372!/:?]
	at com.google.gson.Gson.fromJson(Gson.java:1290) ~[gson-2.10.jar%2372!/:?]
	at com.google.gson.internal.bind.TreeTypeAdapter$GsonContextImpl.deserialize(TreeTypeAdapter.java:179) ~[gson-2.10.jar%2372!/:?]
	at net.minecraft.util.GsonHelper.m_13808_(GsonHelper.java:463) ~[server-1.20.1-20230612.114412-srg.jar%23419!/:?]
	at net.minecraft.util.GsonHelper.m_13845_(GsonHelper.java:481) ~[server-1.20.1-20230612.114412-srg.jar%23419!/:?]
	at net.minecraft.world.level.storage.loot.LootTable$Serializer.deserialize(LootTable.java:294) ~[server-1.20.1-20230612.114412-srg.jar%23419!/:?]
	at net.minecraft.world.level.storage.loot.LootTable$Serializer.deserialize(LootTable.java:291) ~[server-1.20.1-20230612.114412-srg.jar%23419!/:?]
	at com.google.gson.internal.bind.TreeTypeAdapter.read(TreeTypeAdapter.java:76) ~[gson-2.10.jar%2372!/:?]
	at com.google.gson.Gson.fromJson(Gson.java:1214) ~[gson-2.10.jar%2372!/:?]
	at com.google.gson.Gson.fromJson(Gson.java:1319) ~[gson-2.10.jar%2372!/:?]
	at com.google.gson.Gson.fromJson(Gson.java:1261) ~[gson-2.10.jar%2372!/:?]
	at net.minecraftforge.common.ForgeHooks.loadLootTable(ForgeHooks.java:871) ~[forge-1.20.1-47.3.7-universal.jar%23424!/:?]
	at net.minecraftforge.common.ForgeHooks.lambda$getLootTableDeserializer$3(ForgeHooks.java:848) ~[forge-1.20.1-47.3.7-universal.jar%23424!/:?]
	at net.minecraft.world.level.storage.loot.LootDataType.deserialize(LootDataType.java:45) ~[server-1.20.1-20230612.114412-srg.jar%23419!/:?]
	at net.minecraft.world.level.storage.loot.LootDataManager.lambda$scheduleElementParse$4(LootDataManager.java:56) ~[server-1.20.1-20230612.114412-srg.jar%23419!/:?]
	at java.util.HashMap.forEach(HashMap.java:1421) ~[?:?]
	at net.minecraft.world.level.storage.loot.LootDataManager.m_278660_(LootDataManager.java:55) ~[server-1.20.1-20230612.114412-srg.jar%23419!/:?]
	at java.util.concurrent.CompletableFuture$AsyncRun.run(CompletableFuture.java:1804) ~[?:?]
	at java.util.concurrent.CompletableFuture$AsyncRun.exec(CompletableFuture.java:1796) ~[?:?]
	at java.util.concurrent.ForkJoinTask.doExec(ForkJoinTask.java:373) ~[?:?]
	at java.util.concurrent.ForkJoinPool$WorkQueue.topLevelExec(ForkJoinPool.java:1182) ~[?:?]
	at java.util.concurrent.ForkJoinPool.scan(ForkJoinPool.java:1655) ~[?:?]
	at java.util.concurrent.ForkJoinPool.runWorker(ForkJoinPool.java:1622) ~[?:?]
	at java.util.concurrent.ForkJoinWorkerThread.run(ForkJoinWorkerThread.java:165) ~[?:?]
[10Aug2025 02:31:01.526] [Worker-Main-2/ERROR] [net.minecraftforge.common.ForgeHooks/]: Couldn't parse element loot_tables:overweight_farming:blocks/peeled_overweight_kiwi_block
com.google.gson.JsonSyntaxException: Expected name to be an item, was unknown string 'hedgehog:kiwi'
	at net.minecraft.util.GsonHelper.m_13866_(GsonHelper.java:145) ~[server-1.20.1-20230612.114412-srg.jar%23419!/:?]
	at java.util.Optional.orElseThrow(Optional.java:403) ~[?:?]
	at net.minecraft.util.GsonHelper.m_13874_(GsonHelper.java:145) ~[server-1.20.1-20230612.114412-srg.jar%23419!/:?]
	at net.minecraft.util.GsonHelper.m_13909_(GsonHelper.java:153) ~[server-1.20.1-20230612.114412-srg.jar%23419!/:?]
	at net.minecraft.world.level.storage.loot.entries.LootItem$Serializer.m_7267_(LootItem.java:55) ~[server-1.20.1-20230612.114412-srg.jar%23419!/:?]
	at net.minecraft.world.level.storage.loot.entries.LootItem$Serializer.m_7267_(LootItem.java:40) ~[server-1.20.1-20230612.114412-srg.jar%23419!/:?]
	at net.minecraft.world.level.storage.loot.entries.LootPoolSingletonContainer$Serializer.m_5921_(LootPoolSingletonContainer.java:151) ~[server-1.20.1-20230612.114412-srg.jar%23419!/:?]
	at net.minecraft.world.level.storage.loot.entries.LootPoolSingletonContainer$Serializer.m_5921_(LootPoolSingletonContainer.java:129) ~[server-1.20.1-20230612.114412-srg.jar%23419!/:?]
	at net.minecraft.world.level.storage.loot.entries.LootPoolEntryContainer$Serializer.m_7561_(LootPoolEntryContainer.java:86) ~[server-1.20.1-20230612.114412-srg.jar%23419!/:?]
	at net.minecraft.world.level.storage.loot.entries.LootPoolEntryContainer$Serializer.m_7561_(LootPoolEntryContainer.java:74) ~[server-1.20.1-20230612.114412-srg.jar%23419!/:?]
	at net.minecraft.world.level.storage.loot.GsonAdapterFactory$JsonAdapter.deserialize(GsonAdapterFactory.java:102) ~[server-1.20.1-20230612.114412-srg.jar%23419!/:?]
	at com.google.gson.internal.bind.TreeTypeAdapter.read(TreeTypeAdapter.java:76) ~[gson-2.10.jar%2372!/:?]
	at com.google.gson.internal.bind.TypeAdapterRuntimeTypeWrapper.read(TypeAdapterRuntimeTypeWrapper.java:40) ~[gson-2.10.jar%2372!/:?]
	at com.google.gson.internal.bind.ArrayTypeAdapter.read(ArrayTypeAdapter.java:72) ~[gson-2.10.jar%2372!/:?]
	at com.google.gson.Gson.fromJson(Gson.java:1214) ~[gson-2.10.jar%2372!/:?]
	at com.google.gson.Gson.fromJson(Gson.java:1319) ~[gson-2.10.jar%2372!/:?]
	at com.google.gson.Gson.fromJson(Gson.java:1290) ~[gson-2.10.jar%2372!/:?]
	at com.google.gson.internal.bind.TreeTypeAdapter$GsonContextImpl.deserialize(TreeTypeAdapter.java:179) ~[gson-2.10.jar%2372!/:?]
	at net.minecraft.util.GsonHelper.m_13808_(GsonHelper.java:463) ~[server-1.20.1-20230612.114412-srg.jar%23419!/:?]
	at net.minecraft.util.GsonHelper.m_13836_(GsonHelper.java:471) ~[server-1.20.1-20230612.114412-srg.jar%23419!/:?]
	at net.minecraft.world.level.storage.loot.entries.CompositeEntryBase$1.m_5921_(CompositeEntryBase.java:61) ~[server-1.20.1-20230612.114412-srg.jar%23419!/:?]
	at net.minecraft.world.level.storage.loot.entries.CompositeEntryBase$1.m_5921_(CompositeEntryBase.java:53) ~[server-1.20.1-20230612.114412-srg.jar%23419!/:?]
	at net.minecraft.world.level.storage.loot.entries.LootPoolEntryContainer$Serializer.m_7561_(LootPoolEntryContainer.java:86) ~[server-1.20.1-20230612.114412-srg.jar%23419!/:?]
	at net.minecraft.world.level.storage.loot.entries.LootPoolEntryContainer$Serializer.m_7561_(LootPoolEntryContainer.java:74) ~[server-1.20.1-20230612.114412-srg.jar%23419!/:?]
	at net.minecraft.world.level.storage.loot.GsonAdapterFactory$JsonAdapter.deserialize(GsonAdapterFactory.java:102) ~[server-1.20.1-20230612.114412-srg.jar%23419!/:?]
	at com.google.gson.internal.bind.TreeTypeAdapter.read(TreeTypeAdapter.java:76) ~[gson-2.10.jar%2372!/:?]
	at com.google.gson.internal.bind.TypeAdapterRuntimeTypeWrapper.read(TypeAdapterRuntimeTypeWrapper.java:40) ~[gson-2.10.jar%2372!/:?]
	at com.google.gson.internal.bind.ArrayTypeAdapter.read(ArrayTypeAdapter.java:72) ~[gson-2.10.jar%2372!/:?]
	at com.google.gson.Gson.fromJson(Gson.java:1214) ~[gson-2.10.jar%2372!/:?]
	at com.google.gson.Gson.fromJson(Gson.java:1319) ~[gson-2.10.jar%2372!/:?]
	at com.google.gson.Gson.fromJson(Gson.java:1290) ~[gson-2.10.jar%2372!/:?]
	at com.google.gson.internal.bind.TreeTypeAdapter$GsonContextImpl.deserialize(TreeTypeAdapter.java:179) ~[gson-2.10.jar%2372!/:?]
	at net.minecraft.util.GsonHelper.m_13808_(GsonHelper.java:463) ~[server-1.20.1-20230612.114412-srg.jar%23419!/:?]
	at net.minecraft.util.GsonHelper.m_13836_(GsonHelper.java:471) ~[server-1.20.1-20230612.114412-srg.jar%23419!/:?]
	at net.minecraft.world.level.storage.loot.entries.CompositeEntryBase$1.m_5921_(CompositeEntryBase.java:61) ~[server-1.20.1-20230612.114412-srg.jar%23419!/:?]
	at net.minecraft.world.level.storage.loot.entries.CompositeEntryBase$1.m_5921_(CompositeEntryBase.java:53) ~[server-1.20.1-20230612.114412-srg.jar%23419!/:?]
	at net.minecraft.world.level.storage.loot.entries.LootPoolEntryContainer$Serializer.m_7561_(LootPoolEntryContainer.java:86) ~[server-1.20.1-20230612.114412-srg.jar%23419!/:?]
	at net.minecraft.world.level.storage.loot.entries.LootPoolEntryContainer$Serializer.m_7561_(LootPoolEntryContainer.java:74) ~[server-1.20.1-20230612.114412-srg.jar%23419!/:?]
	at net.minecraft.world.level.storage.loot.GsonAdapterFactory$JsonAdapter.deserialize(GsonAdapterFactory.java:102) ~[server-1.20.1-20230612.114412-srg.jar%23419!/:?]
	at com.google.gson.internal.bind.TreeTypeAdapter.read(TreeTypeAdapter.java:76) ~[gson-2.10.jar%2372!/:?]
	at com.google.gson.internal.bind.TypeAdapterRuntimeTypeWrapper.read(TypeAdapterRuntimeTypeWrapper.java:40) ~[gson-2.10.jar%2372!/:?]
	at com.google.gson.internal.bind.ArrayTypeAdapter.read(ArrayTypeAdapter.java:72) ~[gson-2.10.jar%2372!/:?]
	at com.google.gson.Gson.fromJson(Gson.java:1214) ~[gson-2.10.jar%2372!/:?]
	at com.google.gson.Gson.fromJson(Gson.java:1319) ~[gson-2.10.jar%2372!/:?]
	at com.google.gson.Gson.fromJson(Gson.java:1290) ~[gson-2.10.jar%2372!/:?]
	at com.google.gson.internal.bind.TreeTypeAdapter$GsonContextImpl.deserialize(TreeTypeAdapter.java:179) ~[gson-2.10.jar%2372!/:?]
	at net.minecraft.util.GsonHelper.m_13808_(GsonHelper.java:463) ~[server-1.20.1-20230612.114412-srg.jar%23419!/:?]
	at net.minecraft.util.GsonHelper.m_13836_(GsonHelper.java:471) ~[server-1.20.1-20230612.114412-srg.jar%23419!/:?]
	at net.minecraft.world.level.storage.loot.LootPool$Serializer.deserialize(LootPool.java:192) ~[server-1.20.1-20230612.114412-srg.jar%23419!/:?]
	at net.minecraft.world.level.storage.loot.LootPool$Serializer.deserialize(LootPool.java:189) ~[server-1.20.1-20230612.114412-srg.jar%23419!/:?]
	at com.google.gson.internal.bind.TreeTypeAdapter.read(TreeTypeAdapter.java:76) ~[gson-2.10.jar%2372!/:?]
	at com.google.gson.internal.bind.TypeAdapterRuntimeTypeWrapper.read(TypeAdapterRuntimeTypeWrapper.java:40) ~[gson-2.10.jar%2372!/:?]
	at com.google.gson.internal.bind.ArrayTypeAdapter.read(ArrayTypeAdapter.java:72) ~[gson-2.10.jar%2372!/:?]
	at com.google.gson.Gson.fromJson(Gson.java:1214) ~[gson-2.10.jar%2372!/:?]
	at com.google.gson.Gson.fromJson(Gson.java:1319) ~[gson-2.10.jar%2372!/:?]
	at com.google.gson.Gson.fromJson(Gson.java:1290) ~[gson-2.10.jar%2372!/:?]
	at com.google.gson.internal.bind.TreeTypeAdapter$GsonContextImpl.deserialize(TreeTypeAdapter.java:179) ~[gson-2.10.jar%2372!/:?]
	at net.minecraft.util.GsonHelper.m_13808_(GsonHelper.java:463) ~[server-1.20.1-20230612.114412-srg.jar%23419!/:?]
	at net.minecraft.util.GsonHelper.m_13845_(GsonHelper.java:481) ~[server-1.20.1-20230612.114412-srg.jar%23419!/:?]
	at net.minecraft.world.level.storage.loot.LootTable$Serializer.deserialize(LootTable.java:294) ~[server-1.20.1-20230612.114412-srg.jar%23419!/:?]
	at net.minecraft.world.level.storage.loot.LootTable$Serializer.deserialize(LootTable.java:291) ~[server-1.20.1-20230612.114412-srg.jar%23419!/:?]
	at com.google.gson.internal.bind.TreeTypeAdapter.read(TreeTypeAdapter.java:76) ~[gson-2.10.jar%2372!/:?]
	at com.google.gson.Gson.fromJson(Gson.java:1214) ~[gson-2.10.jar%2372!/:?]
	at com.google.gson.Gson.fromJson(Gson.java:1319) ~[gson-2.10.jar%2372!/:?]
	at com.google.gson.Gson.fromJson(Gson.java:1261) ~[gson-2.10.jar%2372!/:?]
	at net.minecraftforge.common.ForgeHooks.loadLootTable(ForgeHooks.java:871) ~[forge-1.20.1-47.3.7-universal.jar%23424!/:?]
	at net.minecraftforge.common.ForgeHooks.lambda$getLootTableDeserializer$3(ForgeHooks.java:848) ~[forge-1.20.1-47.3.7-universal.jar%23424!/:?]
	at net.minecraft.world.level.storage.loot.LootDataType.deserialize(LootDataType.java:45) ~[server-1.20.1-20230612.114412-srg.jar%23419!/:?]
	at net.minecraft.world.level.storage.loot.LootDataManager.lambda$scheduleElementParse$4(LootDataManager.java:56) ~[server-1.20.1-20230612.114412-srg.jar%23419!/:?]
	at java.util.HashMap.forEach(HashMap.java:1421) ~[?:?]
	at net.minecraft.world.level.storage.loot.LootDataManager.m_278660_(LootDataManager.java:55) ~[server-1.20.1-20230612.114412-srg.jar%23419!/:?]
	at java.util.concurrent.CompletableFuture$AsyncRun.run(CompletableFuture.java:1804) ~[?:?]
	at java.util.concurrent.CompletableFuture$AsyncRun.exec(CompletableFuture.java:1796) ~[?:?]
	at java.util.concurrent.ForkJoinTask.doExec(ForkJoinTask.java:373) ~[?:?]
	at java.util.concurrent.ForkJoinPool$WorkQueue.topLevelExec(ForkJoinPool.java:1182) ~[?:?]
	at java.util.concurrent.ForkJoinPool.scan(ForkJoinPool.java:1655) ~[?:?]
	at java.util.concurrent.ForkJoinPool.runWorker(ForkJoinPool.java:1622) ~[?:?]
	at java.util.concurrent.ForkJoinWorkerThread.run(ForkJoinWorkerThread.java:165) ~[?:?]
[10Aug2025 02:31:01.591] [Worker-Main-2/INFO] [Spartan Weaponry/]: Adding Iron Weapons to the Village Weaponsmith Loot Table!
[10Aug2025 02:31:01.684] [Worker-Main-2/ERROR] [net.minecraftforge.common.ForgeHooks/]: Couldn't parse element loot_tables:outer_end:blocks/stripped_azure_post
com.google.gson.JsonSyntaxException: Expected name to be an item, was unknown string 'outer_end:stripped_azure_post'
	at net.minecraft.util.GsonHelper.m_13866_(GsonHelper.java:145) ~[server-1.20.1-20230612.114412-srg.jar%23419!/:?]
	at java.util.Optional.orElseThrow(Optional.java:403) ~[?:?]
	at net.minecraft.util.GsonHelper.m_13874_(GsonHelper.java:145) ~[server-1.20.1-20230612.114412-srg.jar%23419!/:?]
	at net.minecraft.util.GsonHelper.m_13909_(GsonHelper.java:153) ~[server-1.20.1-20230612.114412-srg.jar%23419!/:?]
	at net.minecraft.world.level.storage.loot.entries.LootItem$Serializer.m_7267_(LootItem.java:55) ~[server-1.20.1-20230612.114412-srg.jar%23419!/:?]
	at net.minecraft.world.level.storage.loot.entries.LootItem$Serializer.m_7267_(LootItem.java:40) ~[server-1.20.1-20230612.114412-srg.jar%23419!/:?]
	at net.minecraft.world.level.storage.loot.entries.LootPoolSingletonContainer$Serializer.m_5921_(LootPoolSingletonContainer.java:151) ~[server-1.20.1-20230612.114412-srg.jar%23419!/:?]
	at net.minecraft.world.level.storage.loot.entries.LootPoolSingletonContainer$Serializer.m_5921_(LootPoolSingletonContainer.java:129) ~[server-1.20.1-20230612.114412-srg.jar%23419!/:?]
	at net.minecraft.world.level.storage.loot.entries.LootPoolEntryContainer$Serializer.m_7561_(LootPoolEntryContainer.java:86) ~[server-1.20.1-20230612.114412-srg.jar%23419!/:?]
	at net.minecraft.world.level.storage.loot.entries.LootPoolEntryContainer$Serializer.m_7561_(LootPoolEntryContainer.java:74) ~[server-1.20.1-20230612.114412-srg.jar%23419!/:?]
	at net.minecraft.world.level.storage.loot.GsonAdapterFactory$JsonAdapter.deserialize(GsonAdapterFactory.java:102) ~[server-1.20.1-20230612.114412-srg.jar%23419!/:?]
	at com.google.gson.internal.bind.TreeTypeAdapter.read(TreeTypeAdapter.java:76) ~[gson-2.10.jar%2372!/:?]
	at com.google.gson.internal.bind.TypeAdapterRuntimeTypeWrapper.read(TypeAdapterRuntimeTypeWrapper.java:40) ~[gson-2.10.jar%2372!/:?]
	at com.google.gson.internal.bind.ArrayTypeAdapter.read(ArrayTypeAdapter.java:72) ~[gson-2.10.jar%2372!/:?]
	at com.google.gson.Gson.fromJson(Gson.java:1214) ~[gson-2.10.jar%2372!/:?]
	at com.google.gson.Gson.fromJson(Gson.java:1319) ~[gson-2.10.jar%2372!/:?]
	at com.google.gson.Gson.fromJson(Gson.java:1290) ~[gson-2.10.jar%2372!/:?]
	at com.google.gson.internal.bind.TreeTypeAdapter$GsonContextImpl.deserialize(TreeTypeAdapter.java:179) ~[gson-2.10.jar%2372!/:?]
	at net.minecraft.util.GsonHelper.m_13808_(GsonHelper.java:463) ~[server-1.20.1-20230612.114412-srg.jar%23419!/:?]
	at net.minecraft.util.GsonHelper.m_13836_(GsonHelper.java:471) ~[server-1.20.1-20230612.114412-srg.jar%23419!/:?]
	at net.minecraft.world.level.storage.loot.LootPool$Serializer.deserialize(LootPool.java:192) ~[server-1.20.1-20230612.114412-srg.jar%23419!/:?]
	at net.minecraft.world.level.storage.loot.LootPool$Serializer.deserialize(LootPool.java:189) ~[server-1.20.1-20230612.114412-srg.jar%23419!/:?]
	at com.google.gson.internal.bind.TreeTypeAdapter.read(TreeTypeAdapter.java:76) ~[gson-2.10.jar%2372!/:?]
	at com.google.gson.internal.bind.TypeAdapterRuntimeTypeWrapper.read(TypeAdapterRuntimeTypeWrapper.java:40) ~[gson-2.10.jar%2372!/:?]
	at com.google.gson.internal.bind.ArrayTypeAdapter.read(ArrayTypeAdapter.java:72) ~[gson-2.10.jar%2372!/:?]
	at com.google.gson.Gson.fromJson(Gson.java:1214) ~[gson-2.10.jar%2372!/:?]
	at com.google.gson.Gson.fromJson(Gson.java:1319) ~[gson-2.10.jar%2372!/:?]
	at com.google.gson.Gson.fromJson(Gson.java:1290) ~[gson-2.10.jar%2372!/:?]
	at com.google.gson.internal.bind.TreeTypeAdapter$GsonContextImpl.deserialize(TreeTypeAdapter.java:179) ~[gson-2.10.jar%2372!/:?]
	at net.minecraft.util.GsonHelper.m_13808_(GsonHelper.java:463) ~[server-1.20.1-20230612.114412-srg.jar%23419!/:?]
	at net.minecraft.util.GsonHelper.m_13845_(GsonHelper.java:481) ~[server-1.20.1-20230612.114412-srg.jar%23419!/:?]
	at net.minecraft.world.level.storage.loot.LootTable$Serializer.deserialize(LootTable.java:294) ~[server-1.20.1-20230612.114412-srg.jar%23419!/:?]
	at net.minecraft.world.level.storage.loot.LootTable$Serializer.deserialize(LootTable.java:291) ~[server-1.20.1-20230612.114412-srg.jar%23419!/:?]
	at com.google.gson.internal.bind.TreeTypeAdapter.read(TreeTypeAdapter.java:76) ~[gson-2.10.jar%2372!/:?]
	at com.google.gson.Gson.fromJson(Gson.java:1214) ~[gson-2.10.jar%2372!/:?]
	at com.google.gson.Gson.fromJson(Gson.java:1319) ~[gson-2.10.jar%2372!/:?]
	at com.google.gson.Gson.fromJson(Gson.java:1261) ~[gson-2.10.jar%2372!/:?]
	at net.minecraftforge.common.ForgeHooks.loadLootTable(ForgeHooks.java:871) ~[forge-1.20.1-47.3.7-universal.jar%23424!/:?]
	at net.minecraftforge.common.ForgeHooks.lambda$getLootTableDeserializer$3(ForgeHooks.java:848) ~[forge-1.20.1-47.3.7-universal.jar%23424!/:?]
	at net.minecraft.world.level.storage.loot.LootDataType.deserialize(LootDataType.java:45) ~[server-1.20.1-20230612.114412-srg.jar%23419!/:?]
	at net.minecraft.world.level.storage.loot.LootDataManager.lambda$scheduleElementParse$4(LootDataManager.java:56) ~[server-1.20.1-20230612.114412-srg.jar%23419!/:?]
	at java.util.HashMap.forEach(HashMap.java:1421) ~[?:?]
	at net.minecraft.world.level.storage.loot.LootDataManager.m_278660_(LootDataManager.java:55) ~[server-1.20.1-20230612.114412-srg.jar%23419!/:?]
	at java.util.concurrent.CompletableFuture$AsyncRun.run(CompletableFuture.java:1804) ~[?:?]
	at java.util.concurrent.CompletableFuture$AsyncRun.exec(CompletableFuture.java:1796) ~[?:?]
	at java.util.concurrent.ForkJoinTask.doExec(ForkJoinTask.java:373) ~[?:?]
	at java.util.concurrent.ForkJoinPool$WorkQueue.topLevelExec(ForkJoinPool.java:1182) ~[?:?]
	at java.util.concurrent.ForkJoinPool.scan(ForkJoinPool.java:1655) ~[?:?]
	at java.util.concurrent.ForkJoinPool.runWorker(ForkJoinPool.java:1622) ~[?:?]
	at java.util.concurrent.ForkJoinWorkerThread.run(ForkJoinWorkerThread.java:165) ~[?:?]
[10Aug2025 02:31:01.707] [main/INFO] [Sawmill/]: Intercepted tag results
[10Aug2025 02:31:01.708] [main/INFO] [com.teamabnormals.blueprint.core.Blueprint/]: Loot Modification Manager has loaded 0 modifier groups
[10Aug2025 02:31:01.793] [main/WARN] [net.minecraft.world.level.storage.loot.LootDataManager/]: Found loot table element validation problem in {loot_tables:luminous_nether:entities/ghost}.pools[0].entries[0].functions[1]: Parameters [<parameter minecraft:tool>] are not provided in this context
[10Aug2025 02:31:01.793] [main/WARN] [net.minecraft.world.level.storage.loot.LootDataManager/]: Found loot table element validation problem in {loot_tables:luminous_nether:entities/piglin_ghost}.pools[0].entries[0].functions[1]: Parameters [<parameter minecraft:tool>] are not provided in this context
[10Aug2025 02:31:01.850] [main/ERROR] [net.minecraft.world.item.crafting.RecipeManager/]: Parsing error loading recipe nefdecomod:lumberjack_hook_recipe: com.google.gson.JsonSyntaxException: Unknown item 'nefdecomod:deleted_mod_element'
[10Aug2025 02:31:01.854] [main/INFO] [net.minecraft.world.item.crafting.RecipeManager/]: Skipping loading recipe outer_end:himmel_vertical_slab as it's serializer returned null
[10Aug2025 02:31:01.882] [main/INFO] [net.minecraft.world.item.crafting.RecipeManager/]: Skipping loading recipe outer_end:violite/bricks/slab_from_vertical_slab as it's serializer returned null
[10Aug2025 02:31:01.896] [main/INFO] [net.minecraft.world.item.crafting.RecipeManager/]: Skipping loading recipe supplementaries:inspirations/blackboard_clear as it's serializer returned null
[10Aug2025 02:31:01.905] [main/INFO] [net.minecraft.world.item.crafting.RecipeManager/]: Skipping loading recipe botanypots:rusticdelight/crop/wild_bell_peppers as it's serializer returned null
[10Aug2025 02:31:01.907] [main/ERROR] [net.minecraft.world.item.crafting.RecipeManager/]: Parsing error loading recipe farmersdelight:cutting/azure_sign: com.google.gson.JsonSyntaxException: Unknown ingredient type: farmersdelight:tool
[10Aug2025 02:31:01.925] [main/INFO] [net.minecraft.world.item.crafting.RecipeManager/]: Skipping loading recipe outer_end:violite/mossy_bricks/vertical_slab_stonecutting as it's serializer returned null
[10Aug2025 02:31:01.945] [main/INFO] [net.minecraft.world.item.crafting.RecipeManager/]: Skipping loading recipe rusticdelight:brewing/coffee as it's serializer returned null
[10Aug2025 02:31:01.947] [main/INFO] [Spartan Weaponry/]: Empty result tag:"forge:nuggets/invar" Skipping...
[10Aug2025 02:31:01.947] [main/INFO] [net.minecraft.world.item.crafting.RecipeManager/]: Skipping loading recipe spartanweaponry:invar_nugget_from_smelting_invar_weapons as it's serializer returned null
[10Aug2025 02:31:01.952] [main/ERROR] [net.minecraft.world.item.crafting.RecipeManager/]: Parsing error loading recipe legendary_monsters:ender_hammer: com.google.gson.JsonSyntaxException: Unknown item 'legendary_monsters:ender_hammer'
[10Aug2025 02:31:01.953] [main/INFO] [Spartan Weaponry/]: Empty result tag:"forge:nuggets/constantan" Skipping...
[10Aug2025 02:31:01.954] [main/INFO] [net.minecraft.world.item.crafting.RecipeManager/]: Skipping loading recipe spartanweaponry:constantan_nugget_from_smelting_constantan_weapons as it's serializer returned null
[10Aug2025 02:31:01.956] [main/INFO] [net.minecraft.world.item.crafting.RecipeManager/]: Skipping loading recipe outer_end:violite/tiles/vertical_slab_stonecutting as it's serializer returned null
[10Aug2025 02:31:01.986] [main/INFO] [net.minecraft.world.item.crafting.RecipeManager/]: Skipping loading recipe outer_end:violite/mossy_tiles/vertical_slab_stonecutting as it's serializer returned null
[10Aug2025 02:31:01.994] [main/INFO] [net.minecraft.world.item.crafting.RecipeManager/]: Skipping loading recipe outer_end:himmel_vertical_slab_stonecutting as it's serializer returned null
[10Aug2025 02:31:01.995] [main/INFO] [net.minecraft.world.item.crafting.RecipeManager/]: Skipping loading recipe outer_end:violite/tiles/vertical_slab as it's serializer returned null
[10Aug2025 02:31:02.022] [main/ERROR] [net.minecraft.world.item.crafting.RecipeManager/]: Parsing error loading recipe dungeons_and_combat:dark_metal_boots: com.google.gson.JsonSyntaxException: Unknown item 'born_in_chaos_v1:dark_metal_armor_boots'
[10Aug2025 02:31:02.031] [main/ERROR] [net.minecraft.world.item.crafting.RecipeManager/]: Parsing error loading recipe oceanic_delight:jeed_instant_breath: com.google.gson.JsonSyntaxException: Invalid or unsupported recipe type 'jeed:effect_provider'
[10Aug2025 02:31:02.038] [main/INFO] [net.minecraft.world.item.crafting.RecipeManager/]: Skipping loading recipe supplementaries:inspirations/flag_dye as it's serializer returned null
[10Aug2025 02:31:02.047] [main/ERROR] [net.minecraft.world.item.crafting.RecipeManager/]: Parsing error loading recipe nefdecomod:slingshot_recipe_1: com.google.gson.JsonSyntaxException: Unknown item 'nefdecomod:deleted_mod_element'
[10Aug2025 02:31:02.053] [main/ERROR] [net.minecraft.world.item.crafting.RecipeManager/]: Parsing error loading recipe outer_end:azure_chest: com.google.gson.JsonSyntaxException: Unknown item 'outer_end:azure_chest'
[10Aug2025 02:31:02.056] [main/ERROR] [net.minecraft.world.item.crafting.RecipeManager/]: Parsing error loading recipe sophisticatedstorage:storage_advanced_alchemy_upgrade_from_backpack_advanced_alchemy_upgrade: com.google.gson.JsonSyntaxException: Unknown item 'sophisticatedbackpacks:advanced_alchemy_upgrade'
[10Aug2025 02:31:02.057] [main/ERROR] [net.minecraft.world.item.crafting.RecipeManager/]: Parsing error loading recipe nethersdelight:cutting/hoglin_sausage_alt: com.google.gson.JsonSyntaxException: Unknown item 'nethersdelight:hoglin_loin'
[10Aug2025 02:31:02.064] [main/ERROR] [net.minecraft.world.item.crafting.RecipeManager/]: Parsing error loading recipe farmersdelight:cutting/azure_door: com.google.gson.JsonSyntaxException: Unknown ingredient type: farmersdelight:tool
[10Aug2025 02:31:02.073] [main/INFO] [Spartan Weaponry/]: Empty result tag:"forge:nuggets/constantan" Skipping...
[10Aug2025 02:31:02.073] [main/INFO] [net.minecraft.world.item.crafting.RecipeManager/]: Skipping loading recipe spartanweaponry:constantan_nugget_from_blasting_constantan_weapons as it's serializer returned null
[10Aug2025 02:31:02.076] [main/ERROR] [net.minecraft.world.item.crafting.RecipeManager/]: Parsing error loading recipe nefdecomod:slingshot_recipe_3b: com.google.gson.JsonSyntaxException: Unknown item 'nefdecomod:deleted_mod_element'
[10Aug2025 02:31:02.076] [main/ERROR] [net.minecraft.world.item.crafting.RecipeManager/]: Parsing error loading recipe nefdecomod:slingshot_recipe_3a: com.google.gson.JsonSyntaxException: Unknown item 'nefdecomod:deleted_mod_element'
[10Aug2025 02:31:02.079] [main/ERROR] [net.minecraft.world.item.crafting.RecipeManager/]: Parsing error loading recipe nefdecomod:slingshot_recipe_1b: com.google.gson.JsonSyntaxException: Unknown item 'nefdecomod:deleted_mod_element'
[10Aug2025 02:31:02.083] [main/ERROR] [net.minecraft.world.item.crafting.RecipeManager/]: Parsing error loading recipe nefdecomod:slingshot_recipe_2b: com.google.gson.JsonSyntaxException: Unknown item 'nefdecomod:deleted_mod_element'
[10Aug2025 02:31:02.083] [main/ERROR] [net.minecraft.world.item.crafting.RecipeManager/]: Parsing error loading recipe nefdecomod:slingshot_recipe_2a: com.google.gson.JsonSyntaxException: Unknown item 'nefdecomod:deleted_mod_element'
[10Aug2025 02:31:02.083] [main/ERROR] [net.minecraft.world.item.crafting.RecipeManager/]: Parsing error loading recipe nefdecomod:slingshot_recipe_1a: com.google.gson.JsonSyntaxException: Unknown item 'nefdecomod:deleted_mod_element'
[10Aug2025 02:31:02.089] [main/ERROR] [net.minecraft.world.item.crafting.RecipeManager/]: Parsing error loading recipe dungeons_and_combat:dark_metal_helmet: com.google.gson.JsonSyntaxException: Unknown item 'born_in_chaos_v1:dark_metal_armor_helmet'
[10Aug2025 02:31:02.098] [main/INFO] [Spartan Weaponry/]: Empty result tag:"forge:nuggets/lead" Skipping...
[10Aug2025 02:31:02.098] [main/INFO] [net.minecraft.world.item.crafting.RecipeManager/]: Skipping loading recipe spartanweaponry:lead_nugget_from_blasting_lead_weapons as it's serializer returned null
[10Aug2025 02:31:02.101] [main/ERROR] [net.minecraft.world.item.crafting.RecipeManager/]: Parsing error loading recipe nefdecomod:slingshot_recipe_6b: com.google.gson.JsonSyntaxException: Unknown item 'nefdecomod:deleted_mod_element'
[10Aug2025 02:31:02.101] [main/ERROR] [net.minecraft.world.item.crafting.RecipeManager/]: Parsing error loading recipe nefdecomod:slingshot_recipe_6a: com.google.gson.JsonSyntaxException: Unknown item 'nefdecomod:deleted_mod_element'
[10Aug2025 02:31:02.101] [main/ERROR] [net.minecraft.world.item.crafting.RecipeManager/]: Parsing error loading recipe nefdecomod:slingshot_recipe_5b: com.google.gson.JsonSyntaxException: Unknown item 'nefdecomod:deleted_mod_element'
[10Aug2025 02:31:02.101] [main/ERROR] [net.minecraft.world.item.crafting.RecipeManager/]: Parsing error loading recipe nefdecomod:slingshot_recipe_5a: com.google.gson.JsonSyntaxException: Unknown item 'nefdecomod:deleted_mod_element'
[10Aug2025 02:31:02.102] [main/ERROR] [net.minecraft.world.item.crafting.RecipeManager/]: Parsing error loading recipe nefdecomod:slingshot_recipe_4b: com.google.gson.JsonSyntaxException: Unknown item 'nefdecomod:deleted_mod_element'
[10Aug2025 02:31:02.102] [main/ERROR] [net.minecraft.world.item.crafting.RecipeManager/]: Parsing error loading recipe nefdecomod:slingshot_recipe_4a: com.google.gson.JsonSyntaxException: Unknown item 'nefdecomod:deleted_mod_element'
[10Aug2025 02:31:02.113] [main/INFO] [net.minecraft.world.item.crafting.RecipeManager/]: Skipping loading recipe outer_end:azure_vertical_to_planks as it's serializer returned null
[10Aug2025 02:31:02.113] [main/INFO] [Spartan Weaponry/]: Empty result tag:"forge:nuggets/tin" Skipping...
[10Aug2025 02:31:02.113] [main/INFO] [net.minecraft.world.item.crafting.RecipeManager/]: Skipping loading recipe spartanweaponry:tin_nugget_from_smelting_tin_weapons as it's serializer returned null
[10Aug2025 02:31:02.128] [main/ERROR] [net.minecraft.world.item.crafting.RecipeManager/]: Parsing error loading recipe sophisticatedstorage:backpack_stack_downgrade_tier_2_from_storage_stack_downgrade_tier_2: com.google.gson.JsonSyntaxException: Unknown item 'sophisticatedbackpacks:stack_downgrade_tier_2'
[10Aug2025 02:31:02.133] [main/INFO] [net.minecraft.world.item.crafting.RecipeManager/]: Skipping loading recipe outer_end:violite/tiles/slab_from_vertical_slab as it's serializer returned null
[10Aug2025 02:31:02.136] [main/INFO] [net.minecraft.world.item.crafting.RecipeManager/]: Skipping loading recipe outer_end:azure_vertical_slab as it's serializer returned null
[10Aug2025 02:31:02.138] [main/ERROR] [net.minecraft.world.item.crafting.RecipeManager/]: Parsing error loading recipe sophisticatedstorage:storage_stack_upgrade_omega_tier_from_backpack_stack_upgrade_omega_tier: com.google.gson.JsonSyntaxException: Unknown item 'sophisticatedbackpacks:stack_upgrade_omega_tier'
[10Aug2025 02:31:02.152] [main/INFO] [Spartan Weaponry/]: Empty result tag:"forge:nuggets/invar" Skipping...
[10Aug2025 02:31:02.152] [main/INFO] [net.minecraft.world.item.crafting.RecipeManager/]: Skipping loading recipe spartanweaponry:invar_nugget_from_blasting_invar_weapons as it's serializer returned null
[10Aug2025 02:31:02.163] [main/INFO] [net.minecraft.world.item.crafting.RecipeManager/]: Skipping loading recipe outer_end:azure_vertical_planks as it's serializer returned null
[10Aug2025 02:31:02.177] [main/ERROR] [net.minecraft.world.item.crafting.RecipeManager/]: Parsing error loading recipe dungeons_and_combat:light_upgrade_blazing_halberd: com.google.gson.JsonSyntaxException: Unknown item 'dungeons_and_combat:deleted_mod_element'
[10Aug2025 02:31:02.201] [main/INFO] [Spartan Weaponry/]: Empty result tag:"forge:nuggets/aluminum" Skipping...
[10Aug2025 02:31:02.201] [main/INFO] [net.minecraft.world.item.crafting.RecipeManager/]: Skipping loading recipe spartanweaponry:aluminum_nugget_from_smelting_aluminum_weapons as it's serializer returned null
[10Aug2025 02:31:02.204] [main/ERROR] [net.minecraft.world.item.crafting.RecipeManager/]: Parsing error loading recipe sophisticatedstorage:backpack_stack_upgrade_omega_tier_from_storage_stack_upgrade_omega_tier: com.google.gson.JsonSyntaxException: Unknown item 'sophisticatedbackpacks:stack_upgrade_omega_tier'
[10Aug2025 02:31:02.205] [main/ERROR] [net.minecraft.world.item.crafting.RecipeManager/]: Parsing error loading recipe outer_end:azure_trapped_chest: com.google.gson.JsonSyntaxException: Unknown item 'outer_end:azure_chest'
[10Aug2025 02:31:02.209] [main/INFO] [net.minecraft.world.item.crafting.RecipeManager/]: Skipping loading recipe botanypots:rusticdelight/crop/wild_coffee as it's serializer returned null
[10Aug2025 02:31:02.211] [main/INFO] [net.minecraft.world.item.crafting.RecipeManager/]: Skipping loading recipe outer_end:violite/vertical_slab as it's serializer returned null
[10Aug2025 02:31:02.212] [main/ERROR] [net.minecraft.world.item.crafting.RecipeManager/]: Parsing error loading recipe sophisticatedstorage:backpack_alchemy_upgrade_from_storage_alchemy_upgrade: com.google.gson.JsonSyntaxException: Unknown item 'sophisticatedbackpacks:alchemy_upgrade'
[10Aug2025 02:31:02.212] [main/INFO] [net.minecraft.world.item.crafting.RecipeManager/]: Skipping loading recipe outer_end:violite/tiles/vertical_slab_from_violite_stonecutting as it's serializer returned null
[10Aug2025 02:31:02.213] [main/INFO] [Spartan Weaponry/]: Empty result tag:"forge:nuggets/electrum" Skipping...
[10Aug2025 02:31:02.213] [main/INFO] [net.minecraft.world.item.crafting.RecipeManager/]: Skipping loading recipe spartanweaponry:electrum_nugget_from_blasting_electrum_weapons as it's serializer returned null
[10Aug2025 02:31:02.214] [main/INFO] [net.minecraft.world.item.crafting.RecipeManager/]: Skipping loading recipe outer_end:violite/bricks/vertical_slab_violite_stonecutting as it's serializer returned null
[10Aug2025 02:31:02.214] [main/INFO] [Spartan Weaponry/]: Empty result tag:"forge:nuggets/platinum" Skipping...
[10Aug2025 02:31:02.214] [main/INFO] [net.minecraft.world.item.crafting.RecipeManager/]: Skipping loading recipe spartanweaponry:platinum_nugget_from_smelting_platinum_weapons as it's serializer returned null
[10Aug2025 02:31:02.217] [main/INFO] [net.minecraft.world.item.crafting.RecipeManager/]: Skipping loading recipe outer_end:azure_ladder as it's serializer returned null
[10Aug2025 02:31:02.218] [main/ERROR] [net.minecraft.world.item.crafting.RecipeManager/]: Parsing error loading recipe argentinas_delight:jarralimon: com.google.gson.JsonSyntaxException: Unknown item 'boliviamod:limon'
[10Aug2025 02:31:02.218] [main/INFO] [net.minecraft.world.item.crafting.RecipeManager/]: Skipping loading recipe outer_end:violite/bricks/vertical_slab as it's serializer returned null
[10Aug2025 02:31:02.219] [main/INFO] [Spartan Weaponry/]: Empty result tag:"forge:nuggets/aluminum" Skipping...
[10Aug2025 02:31:02.219] [main/INFO] [net.minecraft.world.item.crafting.RecipeManager/]: Skipping loading recipe spartanweaponry:aluminum_nugget_from_blasting_aluminum_weapons as it's serializer returned null
[10Aug2025 02:31:02.222] [main/INFO] [net.minecraft.world.item.crafting.RecipeManager/]: Skipping loading recipe botanypots:rusticdelight/crop/wild_cotton as it's serializer returned null
[10Aug2025 02:31:02.227] [main/INFO] [net.minecraft.world.item.crafting.RecipeManager/]: Skipping loading recipe outer_end:stripped_azure_post as it's serializer returned null
[10Aug2025 02:31:02.228] [main/ERROR] [net.minecraft.world.item.crafting.RecipeManager/]: Parsing error loading recipe dungeons_and_combat:light_upgrade_molten_bone_greatsword: com.google.gson.JsonSyntaxException: Unknown item 'dungeons_and_combat:deleted_mod_element'
[10Aug2025 02:31:02.234] [main/INFO] [net.minecraft.world.item.crafting.RecipeManager/]: Skipping loading recipe outer_end:azure_bookshelf as it's serializer returned null
[10Aug2025 02:31:02.235] [main/INFO] [Spartan Weaponry/]: Empty result tag:"forge:nuggets/bronze" Skipping...
[10Aug2025 02:31:02.235] [main/INFO] [net.minecraft.world.item.crafting.RecipeManager/]: Skipping loading recipe spartanweaponry:bronze_nugget_from_blasting_bronze_weapons as it's serializer returned null
[10Aug2025 02:31:02.242] [main/ERROR] [net.minecraft.world.item.crafting.RecipeManager/]: Parsing error loading recipe sophisticatedstorage:storage_stack_downgrade_tier_1_from_backpack_stack_downgrade_tier_1: com.google.gson.JsonSyntaxException: Unknown item 'sophisticatedbackpacks:stack_downgrade_tier_1'
[10Aug2025 02:31:02.243] [main/ERROR] [net.minecraft.world.item.crafting.RecipeManager/]: Parsing error loading recipe sophisticatedstorage:storage_alchemy_upgrade_from_backpack_alchemy_upgrade: com.google.gson.JsonSyntaxException: Unknown item 'sophisticatedbackpacks:alchemy_upgrade'
[10Aug2025 02:31:02.244] [main/INFO] [net.minecraft.world.item.crafting.RecipeManager/]: Skipping loading recipe outer_end:violite/mossy_bricks/slab_from_vertical_slab as it's serializer returned null
[10Aug2025 02:31:02.250] [main/INFO] [net.minecraft.world.item.crafting.RecipeManager/]: Skipping loading recipe outer_end:violite/vertical_slab_stonecutting as it's serializer returned null
[10Aug2025 02:31:02.259] [main/ERROR] [net.minecraft.world.item.crafting.RecipeManager/]: Parsing error loading recipe dungeons_and_combat:dark_metal_leggings: com.google.gson.JsonSyntaxException: Unknown item 'born_in_chaos_v1:dark_metal_armor_leggings'
[10Aug2025 02:31:02.260] [main/ERROR] [net.minecraft.world.item.crafting.RecipeManager/]: Parsing error loading recipe sophisticatedstorage:storage_stack_downgrade_tier_2_from_backpack_stack_downgrade_tier_2: com.google.gson.JsonSyntaxException: Unknown item 'sophisticatedbackpacks:stack_downgrade_tier_2'
[10Aug2025 02:31:02.265] [main/INFO] [Spartan Weaponry/]: Empty result tag:"forge:nuggets/nickel" Skipping...
[10Aug2025 02:31:02.265] [main/INFO] [net.minecraft.world.item.crafting.RecipeManager/]: Skipping loading recipe spartanweaponry:nickel_nugget_from_smelting_nickel_weapons as it's serializer returned null
[10Aug2025 02:31:02.265] [main/INFO] [Spartan Weaponry/]: Empty result tag:"forge:nuggets/electrum" Skipping...
[10Aug2025 02:31:02.265] [main/INFO] [net.minecraft.world.item.crafting.RecipeManager/]: Skipping loading recipe spartanweaponry:electrum_nugget_from_smelting_electrum_weapons as it's serializer returned null
[10Aug2025 02:31:02.266] [main/ERROR] [net.minecraft.world.item.crafting.RecipeManager/]: Parsing error loading recipe argentinas_delight:caimancrudocraft: com.google.gson.JsonSyntaxException: Unknown item 'boliviamod:carne_de_lagarto'
[10Aug2025 02:31:02.274] [main/ERROR] [net.minecraft.world.item.crafting.RecipeManager/]: Parsing error loading recipe farmersdelight:cutting/azure_pith: com.google.gson.JsonSyntaxException: Unknown ingredient type: farmersdelight:tool
[10Aug2025 02:31:02.283] [main/INFO] [net.minecraft.world.item.crafting.RecipeManager/]: Skipping loading recipe outer_end:azure_vertical_to_slab as it's serializer returned null
[10Aug2025 02:31:02.283] [main/INFO] [Spartan Weaponry/]: Empty result tag:"forge:nuggets/lead" Skipping...
[10Aug2025 02:31:02.283] [main/INFO] [net.minecraft.world.item.crafting.RecipeManager/]: Skipping loading recipe spartanweaponry:lead_nugget_from_smelting_lead_weapons as it's serializer returned null
[10Aug2025 02:31:02.289] [main/INFO] [net.minecraft.world.item.crafting.RecipeManager/]: Skipping loading recipe outer_end:azure_post as it's serializer returned null
[10Aug2025 02:31:02.291] [main/ERROR] [net.minecraft.world.item.crafting.RecipeManager/]: Parsing error loading recipe oceanic_delight:jeed_comfort: com.google.gson.JsonSyntaxException: Invalid or unsupported recipe type 'jeed:effect_provider'
[10Aug2025 02:31:02.293] [main/ERROR] [net.minecraft.world.item.crafting.RecipeManager/]: Parsing error loading recipe sophisticatedstorage:backpack_stack_downgrade_tier_3_from_storage_stack_downgrade_tier_3: com.google.gson.JsonSyntaxException: Unknown item 'sophisticatedbackpacks:stack_downgrade_tier_3'
[10Aug2025 02:31:02.307] [main/INFO] [net.minecraft.world.item.crafting.RecipeManager/]: Skipping loading recipe outer_end:violite/slab_from_vertical_slab as it's serializer returned null
[10Aug2025 02:31:02.307] [main/INFO] [net.minecraft.world.item.crafting.RecipeManager/]: Skipping loading recipe outer_end:violite/mossy_tiles/slab_from_vertical_slab as it's serializer returned null
[10Aug2025 02:31:02.308] [main/INFO] [net.minecraft.world.item.crafting.RecipeManager/]: Skipping loading recipe botanypots:rusticdelight/crop/coffee as it's serializer returned null
[10Aug2025 02:31:02.325] [main/ERROR] [net.minecraft.world.item.crafting.RecipeManager/]: Parsing error loading recipe argentinas_delight:jarranana: com.google.gson.JsonSyntaxException: Unknown item 'boliviamod:rodaja_de_pina'
[10Aug2025 02:31:02.326] [main/INFO] [Spartan Weaponry/]: Empty result tag:"forge:nuggets/platinum" Skipping...
[10Aug2025 02:31:02.326] [main/INFO] [net.minecraft.world.item.crafting.RecipeManager/]: Skipping loading recipe spartanweaponry:platinum_nugget_from_blasting_platinum_weapons as it's serializer returned null
[10Aug2025 02:31:02.341] [main/ERROR] [net.minecraft.world.item.crafting.RecipeManager/]: Parsing error loading recipe nefdecomod:stone_hammer_recipe: com.google.gson.JsonSyntaxException: Unknown item 'nefdecomod:deleted_mod_element'
[10Aug2025 02:31:02.361] [main/INFO] [Spartan Weaponry/]: Empty result tag:"forge:nuggets/bronze" Skipping...
[10Aug2025 02:31:02.361] [main/INFO] [net.minecraft.world.item.crafting.RecipeManager/]: Skipping loading recipe spartanweaponry:bronze_nugget_from_smelting_bronze_weapons as it's serializer returned null
[10Aug2025 02:31:02.361] [main/INFO] [net.minecraft.world.item.crafting.RecipeManager/]: Skipping loading recipe outer_end:violite/mossy_tiles/vertical_slab as it's serializer returned null
[10Aug2025 02:31:02.361] [main/INFO] [net.minecraft.world.item.crafting.RecipeManager/]: Skipping loading recipe outer_end:violite/bricks/vertical_slab_stonecutting as it's serializer returned null
[10Aug2025 02:31:02.369] [main/ERROR] [net.minecraft.world.item.crafting.RecipeManager/]: Parsing error loading recipe sophisticatedstorage:backpack_advanced_alchemy_upgrade_from_storage_advanced_alchemy_upgrade: com.google.gson.JsonSyntaxException: Unknown item 'sophisticatedbackpacks:advanced_alchemy_upgrade'
[10Aug2025 02:31:02.374] [main/ERROR] [net.minecraft.world.item.crafting.RecipeManager/]: Parsing error loading recipe farmersdelight:cutting/azure_stem: com.google.gson.JsonSyntaxException: Unknown ingredient type: farmersdelight:tool
[10Aug2025 02:31:02.375] [main/INFO] [net.minecraft.world.item.crafting.RecipeManager/]: Skipping loading recipe supplementaries:inspirations/flag_clear as it's serializer returned null
[10Aug2025 02:31:02.380] [main/INFO] [net.minecraft.world.item.crafting.RecipeManager/]: Skipping loading recipe outer_end:violite/mossy_bricks/vertical_slab as it's serializer returned null
[10Aug2025 02:31:02.392] [main/ERROR] [net.minecraft.world.item.crafting.RecipeManager/]: Parsing error loading recipe farmersrespite:chilidog_alt: com.google.gson.JsonSyntaxException: Unknown item 'farmersrespite:blazing_chili'
[10Aug2025 02:31:02.412] [main/INFO] [net.minecraft.world.item.crafting.RecipeManager/]: Skipping loading recipe outer_end:himmel_vertical_to_slab as it's serializer returned null
[10Aug2025 02:31:02.415] [main/INFO] [net.minecraft.world.item.crafting.RecipeManager/]: Skipping loading recipe botanypots:rusticdelight/crop/bell_peppers as it's serializer returned null
[10Aug2025 02:31:02.415] [main/INFO] [Spartan Weaponry/]: Empty result tag:"forge:nuggets/nickel" Skipping...
[10Aug2025 02:31:02.415] [main/INFO] [net.minecraft.world.item.crafting.RecipeManager/]: Skipping loading recipe spartanweaponry:nickel_nugget_from_blasting_nickel_weapons as it's serializer returned null
[10Aug2025 02:31:02.416] [main/ERROR] [net.minecraft.world.item.crafting.RecipeManager/]: Parsing error loading recipe sophisticatedstorage:storage_stack_downgrade_tier_3_from_backpack_stack_downgrade_tier_3: com.google.gson.JsonSyntaxException: Unknown item 'sophisticatedbackpacks:stack_downgrade_tier_3'
[10Aug2025 02:31:02.424] [main/ERROR] [net.minecraft.world.item.crafting.RecipeManager/]: Parsing error loading recipe dungeons_and_combat:dark_metal_chestplate: com.google.gson.JsonSyntaxException: Unknown item 'born_in_chaos_v1:dark_metal_armor_chestplate'
[10Aug2025 02:31:02.425] [main/ERROR] [net.minecraft.world.item.crafting.RecipeManager/]: Parsing error loading recipe oceanic_delight:jeed_nourishment: com.google.gson.JsonSyntaxException: Invalid or unsupported recipe type 'jeed:effect_provider'
[10Aug2025 02:31:02.425] [main/INFO] [Spartan Weaponry/]: Empty result tag:"forge:nuggets/tin" Skipping...
[10Aug2025 02:31:02.426] [main/INFO] [net.minecraft.world.item.crafting.RecipeManager/]: Skipping loading recipe spartanweaponry:tin_nugget_from_blasting_tin_weapons as it's serializer returned null
[10Aug2025 02:31:02.430] [main/ERROR] [net.minecraft.world.item.crafting.RecipeManager/]: Parsing error loading recipe farmersdelight:cutting/azure_trapdoor: com.google.gson.JsonSyntaxException: Unknown ingredient type: farmersdelight:tool
[10Aug2025 02:31:02.434] [main/ERROR] [net.minecraft.world.item.crafting.RecipeManager/]: Parsing error loading recipe sophisticatedstorage:backpack_stack_downgrade_tier_1_from_storage_stack_downgrade_tier_1: com.google.gson.JsonSyntaxException: Unknown item 'sophisticatedbackpacks:stack_downgrade_tier_1'
[10Aug2025 02:31:02.442] [main/INFO] [net.minecraft.world.item.crafting.RecipeManager/]: Skipping loading recipe botanypots:rusticdelight/crop/cotton as it's serializer returned null
[10Aug2025 02:31:02.459] [main/INFO] [Sawmill/]: Generating Sawmill Recipes
[10Aug2025 02:31:02.673] [main/INFO] [Sawmill/]: Generated Sawmill recipes in 213 milliseconds
[10Aug2025 02:31:02.680] [main/INFO] [net.minecraft.world.item.crafting.RecipeManager/]: Loaded 32 recipes
[10Aug2025 02:31:02.680] [main/INFO] [com.teamabnormals.blueprint.core.Blueprint/]: Advancement Modification Manager has loaded 0 modifier groups
[10Aug2025 02:31:02.707] [main/ERROR] [net.minecraft.server.ServerAdvancementManager/]: Parsing error loading custom advancement sophisticatedstorage:recipes/misc/storage_stack_upgrade_omega_tier_from_backpack_stack_upgrade_omega_tier: Unknown item id 'sophisticatedbackpacks:stack_upgrade_omega_tier'
[10Aug2025 02:31:02.717] [main/ERROR] [net.minecraft.server.ServerAdvancementManager/]: Parsing error loading custom advancement spartanshields:recipes/dark_steel_riot_basic_shield: Unknown item id 'enderio:octadic_capacitor'
[10Aug2025 02:31:02.718] [main/ERROR] [net.minecraft.server.ServerAdvancementManager/]: Parsing error loading custom advancement overweight_farming:husbandry/peel_overweight_onion: Failed to parse 'location' field
[10Aug2025 02:31:02.722] [main/ERROR] [net.minecraft.server.ServerAdvancementManager/]: Parsing error loading custom advancement sophisticatedstorage:recipes/misc/storage_stack_downgrade_tier_2_from_backpack_stack_downgrade_tier_2: Unknown item id 'sophisticatedbackpacks:stack_downgrade_tier_2'
[10Aug2025 02:31:02.734] [main/ERROR] [net.minecraft.server.ServerAdvancementManager/]: Parsing error loading custom advancement overweight_farming:husbandry/unpeel_vegetables: Failed to parse 'location' field
[10Aug2025 02:31:02.789] [main/ERROR] [net.minecraft.server.ServerAdvancementManager/]: Parsing error loading custom advancement sophisticatedstorage:recipes/misc/storage_stack_downgrade_tier_3_from_backpack_stack_downgrade_tier_3: Unknown item id 'sophisticatedbackpacks:stack_downgrade_tier_3'
[10Aug2025 02:31:02.805] [main/ERROR] [net.minecraft.server.ServerAdvancementManager/]: Parsing error loading custom advancement sophisticatedstorage:recipes/misc/storage_stack_downgrade_tier_1_from_backpack_stack_downgrade_tier_1: Unknown item id 'sophisticatedbackpacks:stack_downgrade_tier_1'
[10Aug2025 02:31:02.828] [main/ERROR] [net.minecraft.server.ServerAdvancementManager/]: Parsing error loading custom advancement spartanshields:recipes/basic_mekanists_tower_shield: Unknown item id 'mekanism:energy_tablet'
[10Aug2025 02:31:02.839] [main/ERROR] [net.minecraft.server.ServerAdvancementManager/]: Parsing error loading custom advancement outer_end:end/find_catacombs: Expected item to be an item, was unknown string 'outer_end:chiseled_violite'
[10Aug2025 02:31:02.858] [main/ERROR] [net.minecraft.server.ServerAdvancementManager/]: Parsing error loading custom advancement sophisticatedstorage:recipes/misc/storage_advanced_alchemy_upgrade_from_backpack_advanced_alchemy_upgrade: Unknown item id 'sophisticatedbackpacks:advanced_alchemy_upgrade'
[10Aug2025 02:31:02.867] [main/ERROR] [net.minecraft.server.ServerAdvancementManager/]: Parsing error loading custom advancement spartanshields:recipes/dark_steel_riot_tower_shield: Unknown item id 'enderio:octadic_capacitor'
[10Aug2025 02:31:02.869] [main/ERROR] [net.minecraft.server.ServerAdvancementManager/]: Parsing error loading custom advancement sophisticatedstorage:recipes/misc/storage_alchemy_upgrade_from_backpack_alchemy_upgrade: Unknown item id 'sophisticatedbackpacks:alchemy_upgrade'
[10Aug2025 02:31:02.877] [main/ERROR] [net.minecraft.server.ServerAdvancementManager/]: Parsing error loading custom advancement spartanshields:recipes/basic_mekanists_basic_shield: Unknown item id 'mekanism:energy_tablet'
[10Aug2025 02:31:02.883] [main/ERROR] [net.minecraft.server.ServerAdvancementManager/]: Parsing error loading custom advancement legendary_monsters:defeat_ambusher: Expected item to be an item, was unknown string 'legendary_monsters:ancient_dripstone_shard'
[10Aug2025 02:31:02.920] [main/INFO] [net.minecraft.advancements.AdvancementList/]: Loaded 5627 advancements
[10Aug2025 02:31:02.924] [main/INFO] [atomicstryker.dynamiclights.server.ItemLightLevels/]: Clearing item tag to light level mapping cache
[10Aug2025 02:31:02.966] [main/INFO] [top.theillusivec4.curios.Curios/]: Loaded 13 curio slots
[10Aug2025 02:31:02.970] [main/INFO] [top.theillusivec4.curios.Curios/]: Loaded 1 curio entities
[10Aug2025 02:31:02.971] [main/ERROR] [bettervillage/]: Ice And Fire compatibility is not enabled for Better Village and Ice And Fire is present in your mod list.
     - Please install the datapack for better compatibility between Better Villages and Ice And Fire.
     - You can find the datapack URL in the `compatibility` section of the Better Villages description.
     - URL=https://www.curseforge.com/minecraft/mc-mods/better-village-forge
[10Aug2025 02:31:02.981] [main/INFO] [Supplementaries/]: Loaded 27 flute songs
[10Aug2025 02:31:03.065] [main/INFO] [rechiseled/]: Loaded 273 chiseling recipes
[10Aug2025 02:31:03.071] [main/INFO] [com.teamabnormals.blueprint.core.Blueprint/]: Chunk Generator Modification Manager has loaded 1 modifier groups
[10Aug2025 02:31:03.084] [main/INFO] [someassemblyrequired.SomeAssemblyRequired/]: Loaded 64 sandwich ingredients
[10Aug2025 02:31:03.151] [main/WARN] [net.minecraft.core.MappedRegistry/]: Not all defined tags for registry ResourceKey[minecraft:root / minecraft:worldgen/biome] are present in data pack: quark:has_fallen_jungle
[10Aug2025 02:31:03.189] [main/INFO] [Spartan Weaponry/]: Finished initialising Weapon Traits & Attributes! Took 5.214408ms
[10Aug2025 02:31:03.242] [main/INFO] [com.ordana.immersive_weathering.ImmersiveWeathering/]: Loaded 78 block growths configurations
[10Aug2025 02:31:03.250] [main/INFO] [com.ordana.immersive_weathering.ImmersiveWeathering/]: Loaded 14 liquid generators configurations
[10Aug2025 02:31:03.256] [main/INFO] [Moonlight/]: Applied 20 data villager trades
[10Aug2025 02:31:03.328] [main/INFO] [Supplementaries/]: Finished additional setup in 0 ms
[10Aug2025 02:31:03.450] [main/WARN] [ModernFix/]: Initial datapack load took 7.248 s
[10Aug2025 02:31:03.462] [main/INFO] [citadel/]: vanilla surface rule behavior unchanged
[10Aug2025 02:31:03.825] [Server thread/INFO] [net.minecraft.server.dedicated.DedicatedServer/]: Starting minecraft server version 1.20.1
[10Aug2025 02:31:03.825] [Server thread/INFO] [net.minecraft.server.dedicated.DedicatedServer/]: Loading properties
[10Aug2025 02:31:03.825] [Server thread/INFO] [net.minecraft.server.dedicated.DedicatedServer/]: Default game type: SURVIVAL
[10Aug2025 02:31:03.826] [Server thread/INFO] [net.minecraft.server.MinecraftServer/]: Generating keypair
[10Aug2025 02:31:04.041] [Server thread/INFO] [net.minecraft.server.dedicated.DedicatedServer/]: Starting Minecraft server on *:25565
[10Aug2025 02:31:04.088] [Server thread/INFO] [net.minecraft.server.network.ServerConnectionListener/]: Using epoll channel type
[10Aug2025 02:31:04.183] [Server thread/WARN] [net.minecraft.server.dedicated.DedicatedServer/]: **** SERVER IS RUNNING IN OFFLINE/INSECURE MODE!
[10Aug2025 02:31:04.183] [Server thread/WARN] [net.minecraft.server.dedicated.DedicatedServer/]: The server will make no attempt to authenticate usernames. Beware.
[10Aug2025 02:31:04.183] [Server thread/WARN] [net.minecraft.server.dedicated.DedicatedServer/]: While this makes the game possible to play without internet access, it also opens up the ability for hackers to connect with any username they choose.
[10Aug2025 02:31:04.183] [Server thread/WARN] [net.minecraft.server.dedicated.DedicatedServer/]: To change this, set "online-mode" to "true" in the server.properties file.
[10Aug2025 02:31:04.197] [Server thread/WARN] [net.minecraft.server.dedicated.DedicatedPlayerList/]: Failed to load white-list: 
com.google.gson.JsonSyntaxException: Expected entry to be a JsonObject, was "Sof...er"
	at net.minecraft.util.GsonHelper.m_13918_(GsonHelper.java:413) ~[server-1.20.1-20230612.114412-srg.jar%23419!/:?]
	at net.minecraft.server.players.StoredUserList.m_11399_(StoredUserList.java:122) ~[server-1.20.1-20230612.114412-srg.jar%23419!/:?]
	at net.minecraft.server.dedicated.DedicatedPlayerList.m_139578_(DedicatedPlayerList.java:109) ~[server-1.20.1-20230612.114412-srg.jar%23419!/:?]
	at net.minecraft.server.dedicated.DedicatedPlayerList.<init>(DedicatedPlayerList.java:29) ~[server-1.20.1-20230612.114412-srg.jar%23419!/:?]
	at net.minecraft.server.dedicated.DedicatedServer.m_7038_(DedicatedServer.java:158) ~[server-1.20.1-20230612.114412-srg.jar%23419!/:?]
	at net.minecraft.server.MinecraftServer.m_130011_(MinecraftServer.java:634) ~[server-1.20.1-20230612.114412-srg.jar%23419!/:?]
	at net.minecraft.server.MinecraftServer.m_206580_(MinecraftServer.java:251) ~[server-1.20.1-20230612.114412-srg.jar%23419!/:?]
	at java.lang.Thread.run(Thread.java:840) ~[?:?]
[10Aug2025 02:31:04.203] [Server thread/INFO] [Puzzles Lib/]: Loading server config for easyanvils
[10Aug2025 02:31:04.217] [Server thread/INFO] [Puzzles Lib/]: Loading server config for easymagic
[10Aug2025 02:31:04.218] [Server thread/INFO] [Puzzles Lib/]: Loading server config for universalbonemeal
[10Aug2025 02:31:04.367] [Server thread/INFO] [atomicstryker.dynamiclights.server.modules.PlayerSelfLightSource/]: item config parser identified itemstack 1 torch
[10Aug2025 02:31:04.368] [Server thread/INFO] [atomicstryker.dynamiclights.server.modules.PlayerSelfLightSource/]: item config parser identified itemstack 1 glowstone
[10Aug2025 02:31:04.368] [Server thread/INFO] [atomicstryker.dynamiclights.server.modules.PlayerSelfLightSource/]: item config parser finished, item count: 2
[10Aug2025 02:31:04.369] [Server thread/INFO] [atomicstryker.dynamiclights.server.modules.PlayerSelfLightSource/]: item config parser identified itemstack 1 torch
[10Aug2025 02:31:04.369] [Server thread/INFO] [atomicstryker.dynamiclights.server.modules.PlayerSelfLightSource/]: item config parser finished, item count: 1
[10Aug2025 02:31:04.374] [Server thread/INFO] [atomicstryker.dynamiclights.server.modules.DroppedItemsLightSource/]: item config parser identified itemstack 1 torch
[10Aug2025 02:31:04.374] [Server thread/INFO] [atomicstryker.dynamiclights.server.modules.DroppedItemsLightSource/]: item config parser identified itemstack 1 glowstone
[10Aug2025 02:31:04.374] [Server thread/INFO] [atomicstryker.dynamiclights.server.modules.DroppedItemsLightSource/]: item config parser finished, item count: 2
[10Aug2025 02:31:04.374] [Server thread/INFO] [atomicstryker.dynamiclights.server.modules.DroppedItemsLightSource/]: item config parser identified itemstack 1 torch
[10Aug2025 02:31:04.374] [Server thread/INFO] [atomicstryker.dynamiclights.server.modules.DroppedItemsLightSource/]: item config parser finished, item count: 1
[10Aug2025 02:31:04.381] [Server thread/INFO] [Sawmill/]: Injecting Carpenter Village Houses
[10Aug2025 02:31:04.386] [Server thread/INFO] [Framework/]: Loading server configs...
[10Aug2025 02:31:04.403] [Server thread/INFO] [citadel/]: vanilla surface rule behavior unchanged
[10Aug2025 02:31:04.580] [Server thread/INFO] [citadel/]: vanilla surface rule behavior unchanged
[10Aug2025 02:31:04.582] [Server thread/INFO] [com.illusivesoulworks.radiantgear.integration.dynamiclights.DynamicLightsModule.CuriosLightSource/]: item config parser identified itemstack 1 torch
[10Aug2025 02:31:04.583] [Server thread/INFO] [com.illusivesoulworks.radiantgear.integration.dynamiclights.DynamicLightsModule.CuriosLightSource/]: item config parser identified itemstack 1 glowstone
[10Aug2025 02:31:04.585] [Server thread/INFO] [com.illusivesoulworks.radiantgear.integration.dynamiclights.DynamicLightsModule.CuriosLightSource/]: item config parser finished, item count: 2
[10Aug2025 02:31:04.585] [Server thread/INFO] [com.illusivesoulworks.radiantgear.integration.dynamiclights.DynamicLightsModule.CuriosLightSource/]: item config parser identified itemstack 1 torch
[10Aug2025 02:31:04.585] [Server thread/INFO] [com.illusivesoulworks.radiantgear.integration.dynamiclights.DynamicLightsModule.CuriosLightSource/]: item config parser finished, item count: 1
[10Aug2025 02:31:04.590] [Server thread/INFO] [net.minecraft.server.dedicated.DedicatedServer/]: Preparing level "medieval"
[10Aug2025 02:31:05.112] [Server thread/WARN] [net.minecraft.network.syncher.SynchedEntityData/]: defineId called for: class forge.net.mca.entity.CribEntity from class forge.net.mca.util.network.datasync.CDataParameter
[10Aug2025 02:31:05.112] [Server thread/WARN] [net.minecraft.network.syncher.SynchedEntityData/]: defineId called for: class forge.net.mca.entity.CribEntity from class forge.net.mca.util.network.datasync.CEnumParameter
[10Aug2025 02:31:05.112] [Server thread/WARN] [net.minecraft.network.syncher.SynchedEntityData/]: defineId called for: class forge.net.mca.entity.CribEntity from class forge.net.mca.util.network.datasync.CEnumParameter
[10Aug2025 02:31:05.205] [Server thread/WARN] [net.minecraft.network.syncher.SynchedEntityData/]: defineId called for: class forge.net.mca.entity.ZombieVillagerEntityMCA from class forge.net.mca.util.network.datasync.CDataParameter
[10Aug2025 02:31:05.206] [Server thread/WARN] [net.minecraft.network.syncher.SynchedEntityData/]: defineId called for: class forge.net.mca.entity.ZombieVillagerEntityMCA from class forge.net.mca.util.network.datasync.CDataParameter
[10Aug2025 02:31:05.206] [Server thread/WARN] [net.minecraft.network.syncher.SynchedEntityData/]: defineId called for: class forge.net.mca.entity.ZombieVillagerEntityMCA from class forge.net.mca.util.network.datasync.CDataParameter
[10Aug2025 02:31:05.206] [Server thread/WARN] [net.minecraft.network.syncher.SynchedEntityData/]: defineId called for: class forge.net.mca.entity.ZombieVillagerEntityMCA from class forge.net.mca.util.network.datasync.CDataParameter
[10Aug2025 02:31:05.206] [Server thread/WARN] [net.minecraft.network.syncher.SynchedEntityData/]: defineId called for: class forge.net.mca.entity.ZombieVillagerEntityMCA from class forge.net.mca.util.network.datasync.CDataParameter
[10Aug2025 02:31:05.206] [Server thread/WARN] [net.minecraft.network.syncher.SynchedEntityData/]: defineId called for: class forge.net.mca.entity.ZombieVillagerEntityMCA from class forge.net.mca.util.network.datasync.CDataParameter
[10Aug2025 02:31:05.207] [Server thread/WARN] [net.minecraft.network.syncher.SynchedEntityData/]: defineId called for: class forge.net.mca.entity.ZombieVillagerEntityMCA from class forge.net.mca.util.network.datasync.CDataParameter
[10Aug2025 02:31:05.207] [Server thread/WARN] [net.minecraft.network.syncher.SynchedEntityData/]: defineId called for: class forge.net.mca.entity.ZombieVillagerEntityMCA from class forge.net.mca.util.network.datasync.CEnumParameter
[10Aug2025 02:31:05.208] [Server thread/WARN] [net.minecraft.network.syncher.SynchedEntityData/]: defineId called for: class forge.net.mca.entity.ZombieVillagerEntityMCA from class forge.net.mca.util.network.datasync.CDataParameter
[10Aug2025 02:31:05.208] [Server thread/WARN] [net.minecraft.network.syncher.SynchedEntityData/]: defineId called for: class forge.net.mca.entity.ZombieVillagerEntityMCA from class forge.net.mca.util.network.datasync.CDataParameter
[10Aug2025 02:31:05.208] [Server thread/WARN] [net.minecraft.network.syncher.SynchedEntityData/]: defineId called for: class forge.net.mca.entity.ZombieVillagerEntityMCA from class forge.net.mca.util.network.datasync.CDataParameter
[10Aug2025 02:31:05.208] [Server thread/WARN] [net.minecraft.network.syncher.SynchedEntityData/]: defineId called for: class forge.net.mca.entity.ZombieVillagerEntityMCA from class forge.net.mca.util.network.datasync.CDataParameter
[10Aug2025 02:31:05.209] [Server thread/WARN] [net.minecraft.network.syncher.SynchedEntityData/]: defineId called for: class forge.net.mca.entity.ZombieVillagerEntityMCA from class forge.net.mca.util.network.datasync.CDataParameter
[10Aug2025 02:31:05.209] [Server thread/WARN] [net.minecraft.network.syncher.SynchedEntityData/]: defineId called for: class forge.net.mca.entity.ZombieVillagerEntityMCA from class forge.net.mca.util.network.datasync.CDataParameter
[10Aug2025 02:31:05.209] [Server thread/WARN] [net.minecraft.network.syncher.SynchedEntityData/]: defineId called for: class forge.net.mca.entity.ZombieVillagerEntityMCA from class forge.net.mca.util.network.datasync.CDataParameter
[10Aug2025 02:31:05.209] [Server thread/WARN] [net.minecraft.network.syncher.SynchedEntityData/]: defineId called for: class forge.net.mca.entity.ZombieVillagerEntityMCA from class forge.net.mca.util.network.datasync.CDataParameter
[10Aug2025 02:31:05.210] [Server thread/WARN] [net.minecraft.network.syncher.SynchedEntityData/]: defineId called for: class forge.net.mca.entity.ZombieVillagerEntityMCA from class forge.net.mca.util.network.datasync.CDataParameter
[10Aug2025 02:31:05.210] [Server thread/WARN] [net.minecraft.network.syncher.SynchedEntityData/]: defineId called for: class forge.net.mca.entity.ZombieVillagerEntityMCA from class forge.net.mca.util.network.datasync.CDataParameter
[10Aug2025 02:31:05.210] [Server thread/WARN] [net.minecraft.network.syncher.SynchedEntityData/]: defineId called for: class forge.net.mca.entity.ZombieVillagerEntityMCA from class forge.net.mca.util.network.datasync.CDataParameter
[10Aug2025 02:31:05.210] [Server thread/WARN] [net.minecraft.network.syncher.SynchedEntityData/]: defineId called for: class forge.net.mca.entity.ZombieVillagerEntityMCA from class forge.net.mca.util.network.datasync.CEnumParameter
[10Aug2025 02:31:05.211] [Server thread/WARN] [net.minecraft.network.syncher.SynchedEntityData/]: defineId called for: class forge.net.mca.entity.ZombieVillagerEntityMCA from class forge.net.mca.util.network.datasync.CDataParameter
[10Aug2025 02:31:05.211] [Server thread/WARN] [net.minecraft.network.syncher.SynchedEntityData/]: defineId called for: class forge.net.mca.entity.ZombieVillagerEntityMCA from class forge.net.mca.util.network.datasync.CDataParameter
[10Aug2025 02:31:05.211] [Server thread/WARN] [net.minecraft.network.syncher.SynchedEntityData/]: defineId called for: class forge.net.mca.entity.ZombieVillagerEntityMCA from class forge.net.mca.util.network.datasync.CEnumParameter
[10Aug2025 02:31:05.211] [Server thread/WARN] [net.minecraft.network.syncher.SynchedEntityData/]: defineId called for: class forge.net.mca.entity.ZombieVillagerEntityMCA from class forge.net.mca.util.network.datasync.CDataParameter
[10Aug2025 02:31:05.212] [Server thread/WARN] [net.minecraft.network.syncher.SynchedEntityData/]: defineId called for: class forge.net.mca.entity.ZombieVillagerEntityMCA from class forge.net.mca.util.network.datasync.CEnumParameter
[10Aug2025 02:31:05.212] [Server thread/WARN] [net.minecraft.network.syncher.SynchedEntityData/]: defineId called for: class forge.net.mca.entity.ZombieVillagerEntityMCA from class forge.net.mca.util.network.datasync.CEnumParameter
[10Aug2025 02:31:05.212] [Server thread/WARN] [net.minecraft.network.syncher.SynchedEntityData/]: defineId called for: class forge.net.mca.entity.ZombieVillagerEntityMCA from class forge.net.mca.util.network.datasync.CDataParameter
[10Aug2025 02:31:05.213] [Server thread/WARN] [net.minecraft.network.syncher.SynchedEntityData/]: defineId called for: class forge.net.mca.entity.ZombieVillagerEntityMCA from class forge.net.mca.util.network.datasync.CDataParameter
[10Aug2025 02:31:05.213] [Server thread/WARN] [net.minecraft.network.syncher.SynchedEntityData/]: defineId called for: class forge.net.mca.entity.ZombieVillagerEntityMCA from class forge.net.mca.util.network.datasync.CDataParameter
[10Aug2025 02:31:05.213] [Server thread/WARN] [net.minecraft.network.syncher.SynchedEntityData/]: defineId called for: class forge.net.mca.entity.ZombieVillagerEntityMCA from class forge.net.mca.util.network.datasync.CDataParameter
[10Aug2025 02:31:05.213] [Server thread/WARN] [net.minecraft.network.syncher.SynchedEntityData/]: defineId called for: class forge.net.mca.entity.ZombieVillagerEntityMCA from class forge.net.mca.util.network.datasync.CDataParameter
[10Aug2025 02:31:05.214] [Server thread/WARN] [net.minecraft.network.syncher.SynchedEntityData/]: defineId called for: class forge.net.mca.entity.ZombieVillagerEntityMCA from class forge.net.mca.util.network.datasync.CDataParameter
[10Aug2025 02:31:05.214] [Server thread/WARN] [net.minecraft.network.syncher.SynchedEntityData/]: defineId called for: class forge.net.mca.entity.ZombieVillagerEntityMCA from class forge.net.mca.util.network.datasync.CDataParameter
[10Aug2025 02:31:05.214] [Server thread/WARN] [net.minecraft.network.syncher.SynchedEntityData/]: defineId called for: class forge.net.mca.entity.ZombieVillagerEntityMCA from class forge.net.mca.util.network.datasync.CDataParameter
[10Aug2025 02:31:05.214] [Server thread/WARN] [net.minecraft.network.syncher.SynchedEntityData/]: defineId called for: class forge.net.mca.entity.ZombieVillagerEntityMCA from class forge.net.mca.util.network.datasync.CDataParameter
[10Aug2025 02:31:05.214] [Server thread/WARN] [net.minecraft.network.syncher.SynchedEntityData/]: defineId called for: class forge.net.mca.entity.ZombieVillagerEntityMCA from class forge.net.mca.util.network.datasync.CDataParameter
[10Aug2025 02:31:05.215] [Server thread/WARN] [net.minecraft.network.syncher.SynchedEntityData/]: defineId called for: class forge.net.mca.entity.ZombieVillagerEntityMCA from class forge.net.mca.util.network.datasync.CDataParameter
[10Aug2025 02:31:05.488] [Server thread/INFO] [Ksyxis/MinecraftServerMixin/]: Ksyxis: Hey. This is Ksyxis. We will now load the world and will try to do it quickly. If the game is not responding after this, it's probably us to blame or delete for good. This message appears always, even if the mod works flawlessly. (modern)
[10Aug2025 02:31:05.489] [Server thread/INFO] [net.minecraft.server.MinecraftServer/]: Preparing start region for dimension minecraft:overworld
[10Aug2025 02:31:05.599] [Server thread/INFO] [net.minecraft.server.level.progress.LoggerChunkProgressListener/]: Time elapsed: 110 ms
[10Aug2025 02:31:05.599] [Server thread/INFO] [net.minecraft.server.dedicated.DedicatedServer/]: Done (1.401s)! For help, type "help"
[10Aug2025 02:31:05.695] [Server thread/INFO] [net.minecraftforge.server.permission.PermissionAPI/]: Successfully initialized permission handler forge:default_handler
[10Aug2025 02:31:09.522] [Netty Epoll Server IO #1/INFO] [com.cupboard.Cupboard/]: Loaded config for: connectivity.json
[10Aug2025 02:31:09.987] [Netty Epoll Server IO #1/INFO] [net.minecraftforge.server.ServerLifecycleHooks/SERVERHOOKS]: Disconnecting Player (server is still starting): literal{Server is still starting! Please wait before reconnecting.}
[10Aug2025 02:31:14.372] [Netty Epoll Server IO #2/INFO] [net.minecraftforge.server.ServerLifecycleHooks/SERVERHOOKS]: Disconnecting Player (server is still starting): literal{Server is still starting! Please wait before reconnecting.}
[10Aug2025 02:31:16.158] [Server thread/WARN] [net.minecraft.network.syncher.SynchedEntityData/]: defineId called for: class net.minecraft.world.entity.player.Player from class tschipp.carryon.common.carry.CarryOnDataManager
[10Aug2025 02:31:16.301] [Server thread/INFO] [com.cupboard.Cupboard/]: Loaded config for: smoothchunk.json
[10Aug2025 02:31:16.302] [Server thread/INFO] [com.cupboard.Cupboard/]: Loaded config for: farsight.json
[10Aug2025 02:31:16.311] [Server thread/INFO] [com.github.alexthe666.iceandfire.IceAndFire/]: {iceandfire:fire_dragon_roost=true, iceandfire:fire_lily=true, iceandfire:spawn_dragon_skeleton_fire=true, iceandfire:lightning_dragon_roost=true, iceandfire:spawn_dragon_skeleton_lightning=true, iceandfire:ice_dragon_roost=true, iceandfire:ice_dragon_cave=true, iceandfire:lightning_dragon_cave=true, iceandfire:cyclops_cave=true, iceandfire:spawn_wandering_cyclops=true, iceandfire:spawn_sea_serpent=true, iceandfire:frost_lily=true, iceandfire:hydra_cave=true, iceandfire:lightning_lily=true, iceandfire:pixie_village=true, iceandfire:myrmex_hive_jungle=true, iceandfire:myrmex_hive_desert=true, iceandfire:silver_ore=true, iceandfire:siren_island=true, iceandfire:spawn_dragon_skeleton_ice=true, iceandfire:spawn_stymphalian_bird=true, iceandfire:fire_dragon_cave=true, iceandfire:sapphire_ore=true, iceandfire:spawn_hippocampus=true, iceandfire:spawn_death_worm=true}
[10Aug2025 02:31:16.314] [Server thread/INFO] [com.github.alexthe666.iceandfire.IceAndFire/]: {TROLL_S=true, HIPPOGRYPH=true, AMPHITHERE=true, COCKATRICE=true, TROLL_M=true, DREAD_LICH=true, TROLL_F=true}
[10Aug2025 02:31:16.787] [Server thread/INFO] [net.bettercombat.logic.WeaponRegistry/]: Encoded Weapon Attribute registry size (with package overhead): 613530 bytes (in 62 string chunks with the size of 10000)
[10Aug2025 02:31:16.793] [Server thread/INFO] [patchouli/]: Sending reload packet to clients
[10Aug2025 02:31:16.799] [Server thread/WARN] [voicechat/]: [voicechat] Running in offline mode - Voice chat encryption is not secure!
[10Aug2025 02:31:16.822] [Server thread/WARN] [ModernFix/]: Dedicated server took 57.544 seconds to load
[10Aug2025 02:31:16.824] [VoiceChatServerThread/INFO] [voicechat/]: [voicechat] Voice host is '147.185.221.30:4522'
[10Aug2025 02:31:16.825] [VoiceChatServerThread/INFO] [voicechat/]: [voicechat] Voice chat server started at port 4522
[10Aug2025 02:31:21.995] [Server thread/INFO] [net.minecraft.server.players.PlayerList/]: Sofx0Loder[/127.243.140.153:35295] logged in with entity id 554 at (-135.62492984641725, 76.0, 517.596993134198)
[10Aug2025 02:31:22.030] [Server thread/ERROR] [ModernFix/]: Skipping entity ID sync for com.talhanation.smallships.world.entity.ship.Ship: java.lang.NoClassDefFoundError: net/minecraft/client/CameraType
[10Aug2025 02:31:22.650] [Server thread/INFO] [ModernFix/]: Using enhanced recipe sync for player Sofx0Loder
[10Aug2025 02:31:22.725] [Server thread/INFO] [net.minecraft.server.MinecraftServer/]: Sofx0Loder joined the game
[10Aug2025 02:31:23.049] [Server thread/INFO] [Jade/]: Syncing config to Sofx0Loder (cf29b5c6-0b9d-3984-a750-655110aa4d25)
[10Aug2025 02:31:23.082] [Server thread/INFO] [voicechat/]: [voicechat] Received secret request of Sofx0Loder (18)
[10Aug2025 02:31:23.084] [Server thread/INFO] [voicechat/]: [voicechat] Sent secret to Sofx0Loder
[10Aug2025 02:31:23.222] [Server thread/WARN] [net.minecraft.server.MinecraftServer/]: Can't keep up! Is the server overloaded? Running 2645ms or 52 ticks behind
[10Aug2025 02:31:26.387] [VoiceChatPacketProcessingThread/INFO] [voicechat/]: [voicechat] Successfully authenticated player cf29b5c6-0b9d-3984-a750-655110aa4d25
[10Aug2025 02:31:27.386] [VoiceChatPacketProcessingThread/INFO] [voicechat/]: [voicechat] Successfully validated connection of player cf29b5c6-0b9d-3984-a750-655110aa4d25
[10Aug2025 02:31:27.392] [VoiceChatPacketProcessingThread/INFO] [voicechat/]: [voicechat] Player Sofx0Loder (cf29b5c6-0b9d-3984-a750-655110aa4d25) successfully connected to voice chat
[10Aug2025 02:31:28.414] [Server thread/INFO] [net.minecraft.server.network.ServerLoginPacketListenerImpl/]: com.mojang.authlib.GameProfile@25f029c8[id=<null>,name=cambursote,properties={},legacy=false] (/127.86.249.102:59283) lost connection: Disconnected
[10Aug2025 02:31:34.607] [ForkJoinPool.commonPool-worker-1/WARN] [SkinRestorer/]: Failed to fetch skin: not found
[10Aug2025 02:31:34.658] [Server thread/INFO] [net.minecraft.server.players.PlayerList/]: cambursote[/127.86.249.102:49293] logged in with entity id 808 at (86.34910508467675, 63.9375, 359.11553552919213)
[10Aug2025 02:31:34.687] [Server thread/INFO] [ModernFix/]: Using enhanced recipe sync for player cambursote
[10Aug2025 02:31:34.691] [Server thread/INFO] [net.minecraft.server.MinecraftServer/]: cambursote joined the game
[10Aug2025 02:31:34.792] [Server thread/INFO] [Jade/]: Syncing config to cambursote (f9082e2c-b2b1-32dd-b025-e369d4ddac8e)
[10Aug2025 02:31:35.097] [Server thread/INFO] [voicechat/]: [voicechat] Received secret request of cambursote (18)
[10Aug2025 02:31:35.098] [Server thread/INFO] [voicechat/]: [voicechat] Sent secret to cambursote
[10Aug2025 02:31:40.469] [Server thread/WARN] [net.minecraft.server.MinecraftServer/]: Can't keep up! Is the server overloaded? Running 2292ms or 45 ticks behind
[10Aug2025 02:31:42.103] [ForkJoinPool.commonPool-worker-1/WARN] [SkinRestorer/]: Failed to fetch skin: no profile with uuid 5a3e7df6-2dfd-3618-a112-c611403ffd74
[10Aug2025 02:31:42.121] [Server thread/INFO] [net.minecraft.server.players.PlayerList/]: Zephyzf[/127.221.75.206:35835] logged in with entity id 1126 at (-134.9330596066333, 76.0, 517.3278213288282)
[10Aug2025 02:31:42.148] [Server thread/INFO] [ModernFix/]: Using enhanced recipe sync for player Zephyzf
[10Aug2025 02:31:42.166] [Server thread/INFO] [net.minecraft.server.MinecraftServer/]: Zephyzf joined the game
[10Aug2025 02:31:42.296] [Server thread/INFO] [Jade/]: Syncing config to Zephyzf (b8d479d3-f010-3591-8f6c-5071ff121b33)
[10Aug2025 02:31:42.427] [Server thread/INFO] [voicechat/]: [voicechat] Received secret request of Zephyzf (18)
[10Aug2025 02:31:42.428] [Server thread/INFO] [voicechat/]: [voicechat] Sent secret to Zephyzf
[10Aug2025 02:31:42.808] [VoiceChatPacketProcessingThread/INFO] [voicechat/]: [voicechat] Successfully authenticated player f9082e2c-b2b1-32dd-b025-e369d4ddac8e
[10Aug2025 02:31:43.091] [Server thread/INFO] [net.minecraft.server.players.PlayerList/]: ekaki_750[/127.239.67.191:46743] logged in with entity id 1140 at (-136.92369224055517, 76.0, 518.2883934060002)
[10Aug2025 02:31:43.139] [Server thread/INFO] [ModernFix/]: Using enhanced recipe sync for player ekaki_750
[10Aug2025 02:31:43.145] [Server thread/INFO] [net.minecraft.server.MinecraftServer/]: ekaki_750 joined the game
[10Aug2025 02:31:43.297] [Server thread/INFO] [Jade/]: Syncing config to ekaki_750 (5d1dae79-36a3-31cd-8d1e-284cce79e734)
[10Aug2025 02:31:43.808] [VoiceChatPacketProcessingThread/INFO] [voicechat/]: [voicechat] Successfully validated connection of player f9082e2c-b2b1-32dd-b025-e369d4ddac8e
[10Aug2025 02:31:43.808] [VoiceChatPacketProcessingThread/INFO] [voicechat/]: [voicechat] Player cambursote (f9082e2c-b2b1-32dd-b025-e369d4ddac8e) successfully connected to voice chat
[10Aug2025 02:31:45.973] [VoiceChatPacketProcessingThread/INFO] [voicechat/]: [voicechat] Successfully authenticated player b8d479d3-f010-3591-8f6c-5071ff121b33
[10Aug2025 02:31:46.159] [Server thread/INFO] [voicechat/]: [voicechat] Received secret request of ekaki_750 (18)
[10Aug2025 02:31:46.160] [Server thread/INFO] [voicechat/]: [voicechat] Sent secret to ekaki_750
[10Aug2025 02:31:46.563] [Server thread/INFO] [net.minecraft.server.network.ServerLoginPacketListenerImpl/]: com.mojang.authlib.GameProfile@607657d[id=<null>,name=romantwt,properties={},legacy=false] (/127.149.156.249:34387) lost connection: Disconnected
[10Aug2025 02:31:46.970] [VoiceChatPacketProcessingThread/INFO] [voicechat/]: [voicechat] Successfully validated connection of player b8d479d3-f010-3591-8f6c-5071ff121b33
[10Aug2025 02:31:46.971] [VoiceChatPacketProcessingThread/INFO] [voicechat/]: [voicechat] Player Zephyzf (b8d479d3-f010-3591-8f6c-5071ff121b33) successfully connected to voice chat
[10Aug2025 02:31:50.332] [Server thread/INFO] [net.minecraft.server.MinecraftServer/]: [Sofx0Loder: Set own game mode to Survival Mode]
[10Aug2025 02:31:50.376] [VoiceChatPacketProcessingThread/INFO] [voicechat/]: [voicechat] Successfully authenticated player 5d1dae79-36a3-31cd-8d1e-284cce79e734
[10Aug2025 02:31:51.375] [VoiceChatPacketProcessingThread/INFO] [voicechat/]: [voicechat] Successfully validated connection of player 5d1dae79-36a3-31cd-8d1e-284cce79e734
[10Aug2025 02:31:51.376] [VoiceChatPacketProcessingThread/INFO] [voicechat/]: [voicechat] Player ekaki_750 (5d1dae79-36a3-31cd-8d1e-284cce79e734) successfully connected to voice chat
[10Aug2025 02:31:52.061] [ForkJoinPool.commonPool-worker-1/WARN] [SkinRestorer/]: Failed to fetch skin: not found
[10Aug2025 02:31:52.098] [Server thread/INFO] [net.minecraft.server.players.PlayerList/]: zuhazana_fr[/127.79.116.56:45525] logged in with entity id 1426 at (-124.23830486741315, 63.41999998688698, 408.69999998807907)
[10Aug2025 02:31:52.128] [Server thread/INFO] [ModernFix/]: Using enhanced recipe sync for player zuhazana_fr
[10Aug2025 02:31:52.132] [Server thread/INFO] [net.minecraft.server.MinecraftServer/]: zuhazana_fr joined the game
[10Aug2025 02:31:52.316] [Server thread/INFO] [Jade/]: Syncing config to zuhazana_fr (4668b625-8330-3b18-85e6-5c939b53dcdf)
[10Aug2025 02:31:52.880] [Server thread/INFO] [voicechat/]: [voicechat] Received secret request of zuhazana_fr (18)
[10Aug2025 02:31:52.882] [Server thread/INFO] [voicechat/]: [voicechat] Sent secret to zuhazana_fr
[10Aug2025 02:31:54.863] [Server thread/INFO] [net.minecraft.server.players.PlayerList/]: Cee_333[/127.197.119.139:58883] logged in with entity id 1497 at (83.28646728788536, 65.0, 359.06376915776815)
[10Aug2025 02:31:54.881] [Server thread/INFO] [ModernFix/]: Using enhanced recipe sync for player Cee_333
[10Aug2025 02:31:54.884] [Server thread/INFO] [net.minecraft.server.MinecraftServer/]: Cee_333 joined the game
[10Aug2025 02:31:55.049] [Server thread/INFO] [Jade/]: Syncing config to Cee_333 (aa878ddf-f7d2-346d-8361-98573d119979)
[10Aug2025 02:31:55.585] [Server thread/INFO] [voicechat/]: [voicechat] Received secret request of Cee_333 (18)
[10Aug2025 02:31:55.586] [Server thread/INFO] [voicechat/]: [voicechat] Sent secret to Cee_333
[10Aug2025 02:32:00.788] [VoiceChatPacketProcessingThread/INFO] [voicechat/]: [voicechat] Successfully authenticated player 4668b625-8330-3b18-85e6-5c939b53dcdf
[10Aug2025 02:32:01.970] [VoiceChatPacketProcessingThread/INFO] [voicechat/]: [voicechat] Successfully validated connection of player 4668b625-8330-3b18-85e6-5c939b53dcdf
[10Aug2025 02:32:01.970] [VoiceChatPacketProcessingThread/INFO] [voicechat/]: [voicechat] Player zuhazana_fr (4668b625-8330-3b18-85e6-5c939b53dcdf) successfully connected to voice chat
[10Aug2025 02:32:05.421] [Server thread/INFO] [net.minecraft.server.players.PlayerList/]: pancho670[/127.254.202.192:46209] logged in with entity id 1685 at (22.001524885501677, 69.17675927506424, 195.33428895366998)
[10Aug2025 02:32:05.438] [Server thread/INFO] [ModernFix/]: Using enhanced recipe sync for player pancho670
[10Aug2025 02:32:05.440] [Server thread/INFO] [net.minecraft.server.MinecraftServer/]: pancho670 joined the game
[10Aug2025 02:32:05.641] [Server thread/INFO] [Jade/]: Syncing config to pancho670 (69626660-b939-36d7-aa50-9864c617da37)
[10Aug2025 02:32:05.839] [Server thread/INFO] [voicechat/]: [voicechat] Received secret request of pancho670 (18)
[10Aug2025 02:32:05.839] [Server thread/INFO] [voicechat/]: [voicechat] Sent secret to pancho670
[10Aug2025 02:32:08.354] [Server thread/ERROR] [net.minecraft.world.entity.ai.village.poi.PoiSection/]: POI data mismatch: never registered at BlockPos{x=94, y=64, z=362}
[10Aug2025 02:32:08.750] [VoiceChatPacketProcessingThread/INFO] [voicechat/]: [voicechat] Successfully authenticated player aa878ddf-f7d2-346d-8361-98573d119979
[10Aug2025 02:32:08.961] [Server thread/INFO] [net.minecraft.server.players.PlayerList/]: Proder[/127.36.5.210:53103] logged in with entity id 1776 at (28.154008835901053, 69.1875, 116.48520920154898)
[10Aug2025 02:32:08.979] [Server thread/INFO] [ModernFix/]: Using enhanced recipe sync for player Proder
[10Aug2025 02:32:08.981] [Server thread/INFO] [net.minecraft.server.MinecraftServer/]: Proder joined the game
[10Aug2025 02:32:09.193] [Server thread/INFO] [Jade/]: Syncing config to Proder (1a86893a-dca6-3f44-a295-cc415058f371)
[10Aug2025 02:32:09.216] [Server thread/ERROR] [net.minecraft.world.entity.ai.village.poi.PoiSection/]: POI data mismatch: never registered at BlockPos{x=94, y=64, z=360}
[10Aug2025 02:32:09.592] [Server thread/INFO] [net.minecraft.server.players.PlayerList/]: nesblox09[/127.159.22.6:54145] logged in with entity id 1799 at (-125.30000001192093, 50.0, 410.5259627886592)
[10Aug2025 02:32:09.617] [Server thread/INFO] [ModernFix/]: Using enhanced recipe sync for player nesblox09
[10Aug2025 02:32:09.619] [Server thread/INFO] [net.minecraft.server.MinecraftServer/]: nesblox09 joined the game
[10Aug2025 02:32:09.751] [VoiceChatPacketProcessingThread/INFO] [voicechat/]: [voicechat] Successfully validated connection of player aa878ddf-f7d2-346d-8361-98573d119979
[10Aug2025 02:32:09.751] [VoiceChatPacketProcessingThread/INFO] [voicechat/]: [voicechat] Player Cee_333 (aa878ddf-f7d2-346d-8361-98573d119979) successfully connected to voice chat
[10Aug2025 02:32:09.862] [Server thread/INFO] [Jade/]: Syncing config to nesblox09 (5212148b-8645-3490-9d10-74268ab4639b)
[10Aug2025 02:32:09.900] [Server thread/WARN] [net.minecraft.server.MinecraftServer/]: Can't keep up! Is the server overloaded? Running 2323ms or 46 ticks behind
[10Aug2025 02:32:10.012] [Server thread/INFO] [voicechat/]: [voicechat] Received secret request of nesblox09 (18)
[10Aug2025 02:32:10.015] [Server thread/INFO] [voicechat/]: [voicechat] Sent secret to nesblox09
[10Aug2025 02:32:11.066] [Server thread/INFO] [net.minecraft.server.network.ServerLoginPacketListenerImpl/]: com.mojang.authlib.GameProfile@28a66f3e[id=<null>,name=romantwt,properties={},legacy=false] (/127.149.156.249:60565) lost connection: Disconnected
[10Aug2025 02:32:11.367] [VoiceChatPacketProcessingThread/INFO] [voicechat/]: [voicechat] Successfully authenticated player 69626660-b939-36d7-aa50-9864c617da37
[10Aug2025 02:32:12.287] [Server thread/INFO] [voicechat/]: [voicechat] Received secret request of Proder (18)
[10Aug2025 02:32:12.289] [Server thread/INFO] [voicechat/]: [voicechat] Sent secret to Proder
[10Aug2025 02:32:12.371] [VoiceChatPacketProcessingThread/INFO] [voicechat/]: [voicechat] Successfully validated connection of player 69626660-b939-36d7-aa50-9864c617da37
[10Aug2025 02:32:12.371] [VoiceChatPacketProcessingThread/INFO] [voicechat/]: [voicechat] Player pancho670 (69626660-b939-36d7-aa50-9864c617da37) successfully connected to voice chat
[10Aug2025 02:32:14.147] [Server thread/INFO] [net.minecraft.server.players.PlayerList/]: Matthorox[/127.20.247.114:59533] logged in with entity id 1949 at (35.81077779455044, 69.0, 526.480488521139)
[10Aug2025 02:32:14.165] [Server thread/INFO] [ModernFix/]: Using enhanced recipe sync for player Matthorox
[10Aug2025 02:32:14.170] [Server thread/INFO] [net.minecraft.server.MinecraftServer/]: Matthorox joined the game
[10Aug2025 02:32:14.598] [Server thread/INFO] [Jade/]: Syncing config to Matthorox (7c0e89d0-b350-3314-926b-153fa7dd5244)
[10Aug2025 02:32:15.660] [Worker-Main-1/INFO] [citadel/]: vanilla surface rule behavior unchanged
[10Aug2025 02:32:15.840] [Server thread/INFO] [voicechat/]: [voicechat] Received secret request of Matthorox (18)
[10Aug2025 02:32:15.840] [Server thread/INFO] [voicechat/]: [voicechat] Sent secret to Matthorox
[10Aug2025 02:32:18.086] [VoiceChatPacketProcessingThread/INFO] [voicechat/]: [voicechat] Successfully authenticated player 5212148b-8645-3490-9d10-74268ab4639b
[10Aug2025 02:32:18.797] [Worker-Main-3/WARN] [net.minecraft.world.entity.decoration.ItemFrame/]: Unable to load item from: {Count:1b,id:"aquaculture:iron_fishing_rod",tag:{Damage:0,Inventory:{Items:[{Count:1b,Slot:1,id:"aquaculture:worm",tag:{Damage:0}},{Count:1b,Slot:2,id:"aquaculture:fishing_line"},{Count:1b,Slot:3,id:"aquaculture:bobber"}],Size:4}}}
[10Aug2025 02:32:18.798] [Worker-Main-3/WARN] [net.minecraft.world.entity.EntityType/]: Skipping Entity with id aquaculture:oak_fish_mount
[10Aug2025 02:32:18.799] [Worker-Main-3/WARN] [net.minecraft.world.entity.decoration.ItemFrame/]: Unable to load item from: {Count:1b,id:"aquaculture:iron_fillet_knife",tag:{Damage:0}}
[10Aug2025 02:32:18.800] [Worker-Main-3/WARN] [net.minecraft.world.entity.decoration.ItemFrame/]: Unable to load item from: {Count:1b,id:"aquaculture:fish_fillet_raw"}
[10Aug2025 02:32:18.800] [Worker-Main-3/WARN] [net.minecraft.world.entity.EntityType/]: Skipping Entity with id aquaculture:carp
[10Aug2025 02:32:18.818] [Server thread/INFO] [net.minecraft.server.network.ServerGamePacketListenerImpl/]: ekaki_750 lost connection: Disconnected
[10Aug2025 02:32:18.819] [Server thread/INFO] [net.minecraft.server.MinecraftServer/]: ekaki_750 left the game
[10Aug2025 02:32:18.828] [Server thread/INFO] [voicechat/]: [voicechat] Disconnecting client ekaki_750
[10Aug2025 02:32:19.170] [VoiceChatPacketProcessingThread/INFO] [voicechat/]: [voicechat] Successfully validated connection of player 5212148b-8645-3490-9d10-74268ab4639b
[10Aug2025 02:32:19.171] [VoiceChatPacketProcessingThread/INFO] [voicechat/]: [voicechat] Player nesblox09 (5212148b-8645-3490-9d10-74268ab4639b) successfully connected to voice chat
[10Aug2025 02:32:19.957] [Worker-Main-2/WARN] [net.minecraft.world.entity.EntityType/]: Skipping Entity with id aquaculture:carp
[10Aug2025 02:32:19.958] [Worker-Main-2/WARN] [net.minecraft.world.entity.EntityType/]: Skipping Entity with id aquaculture:carp
[10Aug2025 02:32:19.958] [Worker-Main-2/WARN] [net.minecraft.world.entity.EntityType/]: Skipping Entity with id aquaculture:carp
[10Aug2025 02:32:19.958] [Worker-Main-2/WARN] [net.minecraft.world.entity.EntityType/]: Skipping Entity with id aquaculture:carp
[10Aug2025 02:32:22.306] [Worker-Main-2/WARN] [net.minecraft.world.level.levelgen.heightproviders.UniformHeight/]: Empty height range: [-55 absolute--60 absolute]
[10Aug2025 02:32:22.306] [Worker-Main-2/WARN] [net.minecraft.world.level.levelgen.heightproviders.UniformHeight/]: Empty height range: [-55 absolute--60 absolute]
[10Aug2025 02:32:22.306] [Worker-Main-2/WARN] [net.minecraft.world.level.levelgen.heightproviders.UniformHeight/]: Empty height range: [-55 absolute--60 absolute]
[10Aug2025 02:32:24.091] [VoiceChatPacketProcessingThread/INFO] [voicechat/]: [voicechat] Successfully authenticated player 1a86893a-dca6-3f44-a295-cc415058f371
[10Aug2025 02:32:25.092] [VoiceChatPacketProcessingThread/INFO] [voicechat/]: [voicechat] Successfully validated connection of player 1a86893a-dca6-3f44-a295-cc415058f371
[10Aug2025 02:32:25.092] [VoiceChatPacketProcessingThread/INFO] [voicechat/]: [voicechat] Player Proder (1a86893a-dca6-3f44-a295-cc415058f371) successfully connected to voice chat
[10Aug2025 02:32:25.736] [VoiceChatPacketProcessingThread/INFO] [voicechat/]: [voicechat] Successfully authenticated player 7c0e89d0-b350-3314-926b-153fa7dd5244
[10Aug2025 02:32:26.812] [VoiceChatPacketProcessingThread/INFO] [voicechat/]: [voicechat] Successfully validated connection of player 7c0e89d0-b350-3314-926b-153fa7dd5244
[10Aug2025 02:32:26.814] [VoiceChatPacketProcessingThread/INFO] [voicechat/]: [voicechat] Player Matthorox (7c0e89d0-b350-3314-926b-153fa7dd5244) successfully connected to voice chat
[10Aug2025 02:32:36.056] [Server thread/INFO] [net.minecraft.server.MinecraftServer/]: Sofx0Loder has made the advancement [The Titan]
[10Aug2025 02:32:41.254] [Server thread/WARN] [net.minecraft.server.MinecraftServer/]: Can't keep up! Is the server overloaded? Running 16377ms or 327 ticks behind
[10Aug2025 02:32:41.692] [Server thread/INFO] [net.minecraft.server.players.PlayerList/]: Flancito0_[/127.98.20.34:44213] logged in with entity id 2727 at (-132.79082168223744, 76.0, 516.9734113977123)
[10Aug2025 02:32:41.708] [Server thread/INFO] [ModernFix/]: Using enhanced recipe sync for player Flancito0_
[10Aug2025 02:32:41.713] [Server thread/INFO] [net.minecraft.server.MinecraftServer/]: Flancito0_ joined the game
[10Aug2025 02:32:42.023] [Server thread/INFO] [Jade/]: Syncing config to Flancito0_ (807d4b02-2892-3ac2-a000-a9c5173caa95)
[10Aug2025 02:32:42.550] [Server thread/INFO] [voicechat/]: [voicechat] Received secret request of Flancito0_ (18)
[10Aug2025 02:32:42.550] [Server thread/INFO] [voicechat/]: [voicechat] Sent secret to Flancito0_
[10Aug2025 02:32:44.541] [Server thread/INFO] [net.minecraft.server.players.PlayerList/]: ale_kz[/127.195.132.111:45961] logged in with entity id 2773 at (32.43214692653867, 69.0, 116.54924066475543)
[10Aug2025 02:32:44.557] [Server thread/INFO] [ModernFix/]: Using enhanced recipe sync for player ale_kz
[10Aug2025 02:32:44.559] [Server thread/INFO] [net.minecraft.server.MinecraftServer/]: ale_kz joined the game
[10Aug2025 02:32:44.898] [Server thread/INFO] [Jade/]: Syncing config to ale_kz (016194da-6c8e-3392-aa89-46be22f79243)
[10Aug2025 02:32:45.316] [Server thread/INFO] [voicechat/]: [voicechat] Received secret request of ale_kz (18)
[10Aug2025 02:32:45.316] [Server thread/INFO] [voicechat/]: [voicechat] Sent secret to ale_kz
[10Aug2025 02:32:46.933] [Server thread/INFO] [net.minecraft.server.players.PlayerList/]: KarmaTv[/127.38.6.128:38667] logged in with entity id 2786 at (33.05486875734102, 69.0, 532.3693130655176)
[10Aug2025 02:32:46.948] [Server thread/INFO] [ModernFix/]: Using enhanced recipe sync for player KarmaTv
[10Aug2025 02:32:46.949] [Server thread/INFO] [net.minecraft.server.MinecraftServer/]: KarmaTv joined the game
[10Aug2025 02:32:47.302] [Server thread/INFO] [Jade/]: Syncing config to KarmaTv (b58bc96e-3f67-3410-9c2a-e5126cb25367)
[10Aug2025 02:32:47.571] [Server thread/INFO] [voicechat/]: [voicechat] Received secret request of KarmaTv (18)
[10Aug2025 02:32:47.571] [Server thread/INFO] [voicechat/]: [voicechat] Sent secret to KarmaTv
[10Aug2025 02:32:49.794] [VoiceChatPacketProcessingThread/INFO] [voicechat/]: [voicechat] Successfully authenticated player 016194da-6c8e-3392-aa89-46be22f79243
[10Aug2025 02:32:50.336] [Server thread/INFO] [net.minecraft.server.network.ServerLoginPacketListenerImpl/]: com.mojang.authlib.GameProfile@1f9688fb[id=<null>,name=romantwt,properties={},legacy=false] (/127.149.156.249:60119) lost connection: Disconnected
[10Aug2025 02:32:50.795] [VoiceChatPacketProcessingThread/INFO] [voicechat/]: [voicechat] Successfully validated connection of player 016194da-6c8e-3392-aa89-46be22f79243
[10Aug2025 02:32:50.796] [VoiceChatPacketProcessingThread/INFO] [voicechat/]: [voicechat] Player ale_kz (016194da-6c8e-3392-aa89-46be22f79243) successfully connected to voice chat
[10Aug2025 02:32:53.023] [VoiceChatPacketProcessingThread/INFO] [voicechat/]: [voicechat] Successfully authenticated player b58bc96e-3f67-3410-9c2a-e5126cb25367
[10Aug2025 02:32:54.024] [VoiceChatPacketProcessingThread/INFO] [voicechat/]: [voicechat] Successfully validated connection of player b58bc96e-3f67-3410-9c2a-e5126cb25367
[10Aug2025 02:32:54.024] [VoiceChatPacketProcessingThread/INFO] [voicechat/]: [voicechat] Player KarmaTv (b58bc96e-3f67-3410-9c2a-e5126cb25367) successfully connected to voice chat
[10Aug2025 02:32:56.067] [VoiceChatPacketProcessingThread/INFO] [voicechat/]: [voicechat] Successfully authenticated player 807d4b02-2892-3ac2-a000-a9c5173caa95
[10Aug2025 02:32:57.073] [VoiceChatPacketProcessingThread/INFO] [voicechat/]: [voicechat] Successfully validated connection of player 807d4b02-2892-3ac2-a000-a9c5173caa95
[10Aug2025 02:32:57.073] [VoiceChatPacketProcessingThread/INFO] [voicechat/]: [voicechat] Player Flancito0_ (807d4b02-2892-3ac2-a000-a9c5173caa95) successfully connected to voice chat
[10Aug2025 02:33:10.772] [Server thread/INFO] [net.minecraft.server.MinecraftServer/]: Matthorox has made the advancement [Diamonds!]
[10Aug2025 02:33:14.361] [VoiceChatPacketProcessingThread/INFO] [voicechat/]: [voicechat] Player b58bc96e-3f67-3410-9c2a-e5126cb25367 timed out
[10Aug2025 02:33:14.361] [VoiceChatPacketProcessingThread/INFO] [voicechat/]: [voicechat] Reconnecting player KarmaTv
[10Aug2025 02:33:14.362] [VoiceChatPacketProcessingThread/INFO] [voicechat/]: [voicechat] Sent secret to KarmaTv
[10Aug2025 02:33:15.763] [Server thread/WARN] [net.minecraft.server.MinecraftServer/]: Can't keep up! Is the server overloaded? Running 19536ms or 390 ticks behind
[10Aug2025 02:33:21.800] [Server thread/INFO] [net.minecraft.server.MinecraftServer/]: [Sofx0Loder: Applied effect Regeneration to Sofx0Loder]
[10Aug2025 02:33:23.587] [VoiceChatPacketProcessingThread/INFO] [voicechat/]: [voicechat] Successfully authenticated player b58bc96e-3f67-3410-9c2a-e5126cb25367
[10Aug2025 02:33:24.583] [VoiceChatPacketProcessingThread/INFO] [voicechat/]: [voicechat] Successfully validated connection of player b58bc96e-3f67-3410-9c2a-e5126cb25367
[10Aug2025 02:33:24.583] [VoiceChatPacketProcessingThread/INFO] [voicechat/]: [voicechat] Player KarmaTv (b58bc96e-3f67-3410-9c2a-e5126cb25367) successfully connected to voice chat
[10Aug2025 02:33:37.859] [Server thread/INFO] [net.minecraft.server.MinecraftServer/]: [Sofx0Loder: Removed every effect from Sofx0Loder]
[10Aug2025 02:33:46.560] [Server thread/WARN] [net.minecraft.server.MinecraftServer/]: Can't keep up! Is the server overloaded? Running 15833ms or 316 ticks behind
[10Aug2025 02:33:55.239] [Server thread/INFO] [net.minecraft.server.MinecraftServer/]: ale_kz has made the advancement [Guns and Roses]
[10Aug2025 02:34:00.939] [Server thread/INFO] [net.minecraft.server.MinecraftServer/]: [Not Secure] <pancho670> cpmo subio
[10Aug2025 02:34:15.686] [Server thread/INFO] [net.minecraft.server.network.ServerLoginPacketListenerImpl/]: com.mojang.authlib.GameProfile@2ef5ba6d[id=<null>,name=romantwt,properties={},legacy=false] (/127.149.156.249:59587) lost connection: Disconnected
[10Aug2025 02:34:17.998] [Server thread/WARN] [net.minecraft.server.MinecraftServer/]: Can't keep up! Is the server overloaded? Running 16471ms or 329 ticks behind
[10Aug2025 02:34:21.198] [Server thread/INFO] [net.minecraft.server.MinecraftServer/]: KarmaTv has made the advancement [Diamonds!]
[10Aug2025 02:34:22.179] [Server thread/INFO] [net.minecraft.server.MinecraftServer/]: [Sofx0Loder: Made Flancito0_ a server operator]
[10Aug2025 02:34:22.569] [Server thread/INFO] [net.minecraft.server.MinecraftServer/]: nesblox09 has made the advancement [Getting an Upgrade]
[10Aug2025 02:34:23.385] [Server thread/INFO] [net.minecraft.server.MinecraftServer/]: [Not Secure] <pancho670> Proder necesito agua
[10Aug2025 02:34:23.741] [Server thread/INFO] [net.minecraft.server.MinecraftServer/]: [Not Secure] <pancho670> Proder necesito agua
[10Aug2025 02:34:30.548] [Server thread/INFO] [net.minecraft.server.MinecraftServer/]: Matthorox has made the advancement [Isn't It Iron Pick]
[10Aug2025 02:34:31.487] [Server thread/INFO] [net.minecraft.server.MinecraftServer/]: [Not Secure] <pancho670> Proder necesito agua
[10Aug2025 02:34:32.125] [Server thread/INFO] [net.minecraft.server.MinecraftServer/]: [Flancito0_: Set own game mode to Creative Mode]
[10Aug2025 02:34:34.950] [Server thread/INFO] [net.minecraft.server.MinecraftServer/]: Proder has made the advancement [Guns and Roses]
[10Aug2025 02:34:46.350] [Server thread/INFO] [net.minecraft.server.MinecraftServer/]: [Not Secure] <pancho670> Proder necesito agua
[10Aug2025 02:34:49.656] [Server thread/INFO] [net.minecraft.server.MinecraftServer/]: [Not Secure] <pancho670> Proder necesito agua
[10Aug2025 02:34:49.973] [Server thread/INFO] [net.minecraft.server.MinecraftServer/]: [Not Secure] <pancho670> Proder necesito agua
[10Aug2025 02:34:50.076] [Server thread/WARN] [net.minecraft.server.MinecraftServer/]: Can't keep up! Is the server overloaded? Running 17099ms or 341 ticks behind
[10Aug2025 02:34:55.345] [Server thread/INFO] [net.minecraft.server.MinecraftServer/]: [Sofx0Loder: Set own game mode to Creative Mode]
[10Aug2025 02:35:05.815] [Server thread/INFO] [net.minecraft.server.MinecraftServer/]: [Not Secure] <pancho670> te di con la mano
[10Aug2025 02:35:19.434] [Server thread/INFO] [net.minecraft.server.MinecraftServer/]: [Sofx0Loder: Set own game mode to Survival Mode]
[10Aug2025 02:35:21.760] [Server thread/WARN] [net.minecraft.server.MinecraftServer/]: Can't keep up! Is the server overloaded? Running 16733ms or 334 ticks behind
[10Aug2025 02:35:22.063] [Server thread/INFO] [net.minecraft.server.MinecraftServer/]: Cee_333 has made the advancement [Best Friends Forever]
[10Aug2025 02:35:40.859] [Server thread/INFO] [net.minecraft.world.entity.npc.Villager/]: Villager VillagerEntityMCA['Jessie'/2623, l='ServerLevel[medieval]', x=19.43, y=79.00, z=-15.45] died, message: 'Jessie hit the ground too hard'
[10Aug2025 02:35:42.039] [Server thread/INFO] [net.minecraft.server.MinecraftServer/]: [Flancito0_: Set own game mode to Survival Mode]
[10Aug2025 02:35:42.897] [Server thread/INFO] [net.minecraft.server.MinecraftServer/]: [Sofx0Loder: Made Flancito0_ no longer a server operator]
[10Aug2025 02:35:56.013] [Server thread/WARN] [net.minecraft.server.MinecraftServer/]: Can't keep up! Is the server overloaded? Running 19286ms or 385 ticks behind
[10Aug2025 02:36:02.550] [Server thread/INFO] [net.minecraft.world.entity.npc.Villager/]: Villager VillagerEntityMCA['Regan'/2698, l='ServerLevel[medieval]', x=21.50, y=89.00, z=-10.40] died, message: 'Regan hit the ground too hard'
[10Aug2025 02:36:02.551] [Server thread/INFO] [net.minecraft.world.entity.LivingEntity/]: Named entity VillagerEntityMCA['Regan'/2698, l='ServerLevel[medieval]', x=21.50, y=89.00, z=-10.40] died: Regan fell from a high place
[10Aug2025 02:36:06.393] [Server thread/INFO] [net.minecraft.server.network.ServerLoginPacketListenerImpl/]: com.mojang.authlib.GameProfile@63ee82da[id=<null>,name=romantwt,properties={},legacy=false] (/127.149.156.249:45713) lost connection: Disconnected
[10Aug2025 02:36:29.663] [Server thread/INFO] [net.minecraft.server.MinecraftServer/]: pancho670 has made the advancement [Guns and Roses]
[10Aug2025 02:36:30.021] [Server thread/WARN] [net.minecraft.server.network.ServerGamePacketListenerImpl/]: Matthorox moved wrongly!
[10Aug2025 02:36:31.039] [Server thread/INFO] [net.minecraft.server.MinecraftServer/]: [Not Secure] <Flancito0_> .
[10Aug2025 02:36:32.698] [Server thread/WARN] [net.minecraft.server.MinecraftServer/]: Can't keep up! Is the server overloaded? Running 21721ms or 434 ticks behind
[10Aug2025 02:36:55.635] [Server thread/INFO] [net.minecraft.server.MinecraftServer/]: pancho670 has made the advancement [Acquire Hardware]
[10Aug2025 02:37:04.766] [Worker-Main-2/WARN] [net.minecraft.server.level.WorldGenRegion/]: Tried to access a block entity before it was created. MutableBlockPos{x=-341, y=-11, z=63}
[10Aug2025 02:37:10.377] [Server thread/WARN] [net.minecraft.server.MinecraftServer/]: Can't keep up! Is the server overloaded? Running 22700ms or 454 ticks behind
[10Aug2025 02:37:17.199] [Server thread/INFO] [net.minecraft.world.entity.npc.Villager/]: Villager VillagerEntityMCA['Delia'/2699, l='ServerLevel[medieval]', x=14.73, y=90.00, z=-10.21] died, message: 'Delia hit the ground too hard'
[10Aug2025 02:37:17.200] [Server thread/INFO] [net.minecraft.world.entity.LivingEntity/]: Named entity VillagerEntityMCA['Delia'/2699, l='ServerLevel[medieval]', x=14.73, y=90.00, z=-10.21] died: Delia fell from a high place
[10Aug2025 02:37:18.075] [Server thread/INFO] [net.minecraft.server.MinecraftServer/]: Flancito0_ has made the advancement [Stone Age]
[10Aug2025 02:37:19.995] [Server thread/INFO] [net.minecraft.server.players.PlayerList/]: sofiaavigg[/127.108.235.101:43945] logged in with entity id 5358 at (-150.5, 75.0, 516.5)
[10Aug2025 02:37:20.015] [Server thread/INFO] [ModernFix/]: Using enhanced recipe sync for player sofiaavigg
[10Aug2025 02:37:20.018] [Server thread/INFO] [net.minecraft.server.MinecraftServer/]: sofiaavigg joined the game
[10Aug2025 02:37:20.504] [Server thread/INFO] [Jade/]: Syncing config to sofiaavigg (f0c0ad1c-0fb6-3063-9eac-ccaf6b0a4944)
[10Aug2025 02:37:23.701] [Server thread/INFO] [net.minecraft.server.MinecraftServer/]: [Sofx0Loder: Teleported Sofx0Loder to sofiaavigg]
[10Aug2025 02:37:26.059] [Server thread/INFO] [net.minecraft.server.MinecraftServer/]: Matthorox has made the advancement [Spooky Scary Skeletons]
[10Aug2025 02:37:26.187] [Server thread/INFO] [voicechat/]: [voicechat] Received secret request of sofiaavigg (18)
[10Aug2025 02:37:26.187] [Server thread/INFO] [voicechat/]: [voicechat] Sent secret to sofiaavigg
[10Aug2025 02:37:33.716] [VoiceChatPacketProcessingThread/INFO] [voicechat/]: [voicechat] Successfully authenticated player f0c0ad1c-0fb6-3063-9eac-ccaf6b0a4944
[10Aug2025 02:37:34.721] [VoiceChatPacketProcessingThread/INFO] [voicechat/]: [voicechat] Successfully validated connection of player f0c0ad1c-0fb6-3063-9eac-ccaf6b0a4944
[10Aug2025 02:37:34.721] [VoiceChatPacketProcessingThread/INFO] [voicechat/]: [voicechat] Player sofiaavigg (f0c0ad1c-0fb6-3063-9eac-ccaf6b0a4944) successfully connected to voice chat
[10Aug2025 02:37:43.820] [Server thread/INFO] [net.minecraft.server.MinecraftServer/]: Proder has made the advancement [Acquire Hardware]
[10Aug2025 02:37:50.251] [Server thread/WARN] [net.minecraft.server.MinecraftServer/]: Can't keep up! Is the server overloaded? Running 24874ms or 497 ticks behind
[10Aug2025 02:37:50.497] [Server thread/INFO] [net.minecraft.server.players.PlayerList/]: therealgrass[/127.249.103.241:49481] logged in with entity id 5671 at (-72.74410034001124, 69.00133597911214, 581.0482187115548)
[10Aug2025 02:37:50.513] [Server thread/INFO] [ModernFix/]: Using enhanced recipe sync for player therealgrass
[10Aug2025 02:37:50.515] [Server thread/INFO] [net.minecraft.server.MinecraftServer/]: therealgrass joined the game
[10Aug2025 02:37:50.991] [Server thread/INFO] [Jade/]: Syncing config to therealgrass (3ffcf9a8-c1d2-3665-b39b-897a9638497a)
[10Aug2025 02:37:51.201] [Server thread/INFO] [voicechat/]: [voicechat] Received secret request of therealgrass (18)
[10Aug2025 02:37:51.202] [Server thread/INFO] [voicechat/]: [voicechat] Sent secret to therealgrass
[10Aug2025 02:37:55.940] [Server thread/INFO] [net.minecraft.server.MinecraftServer/]: KarmaTv has made the advancement [The Cursed Soul]
[10Aug2025 02:37:57.048] [VoiceChatPacketProcessingThread/INFO] [voicechat/]: [voicechat] Successfully authenticated player 3ffcf9a8-c1d2-3665-b39b-897a9638497a
[10Aug2025 02:37:57.919] [Server thread/INFO] [net.minecraft.server.MinecraftServer/]: nesblox09 drowned
[10Aug2025 02:37:57.952] [Server thread/INFO] [tombstone/]: The player nesblox09 has successfully been saved
[10Aug2025 02:37:58.050] [VoiceChatPacketProcessingThread/INFO] [voicechat/]: [voicechat] Successfully validated connection of player 3ffcf9a8-c1d2-3665-b39b-897a9638497a
[10Aug2025 02:37:58.052] [VoiceChatPacketProcessingThread/INFO] [voicechat/]: [voicechat] Player therealgrass (3ffcf9a8-c1d2-3665-b39b-897a9638497a) successfully connected to voice chat
[10Aug2025 02:38:04.582] [Server thread/INFO] [net.minecraft.server.MinecraftServer/]: therealgrass has made the advancement [Minecraft Comes Alive]
[10Aug2025 02:38:05.053] [Worker-Main-2/WARN] [net.minecraft.world.level.levelgen.structure.pools.JigsawPlacement/]: Empty or non-existent pool: minecraft:cook_additions_4_pool
[10Aug2025 02:38:05.053] [Worker-Main-2/WARN] [net.minecraft.world.level.levelgen.structure.pools.JigsawPlacement/]: Empty or non-existent pool: minecraft:cook_additions_1_pool
[10Aug2025 02:38:05.053] [Worker-Main-2/WARN] [net.minecraft.world.level.levelgen.structure.pools.JigsawPlacement/]: Empty or non-existent pool: minecraft:cook_additions_3_pool
[10Aug2025 02:38:05.057] [Worker-Main-2/WARN] [net.minecraft.world.level.levelgen.structure.pools.JigsawPlacement/]: Empty or non-existent pool: minecraft:cook_additions_2_pool
[10Aug2025 02:38:05.057] [Worker-Main-2/WARN] [net.minecraft.world.level.levelgen.structure.pools.JigsawPlacement/]: Empty or non-existent pool: minecraft:angler_additions_3_pool
[10Aug2025 02:38:05.057] [Worker-Main-2/WARN] [net.minecraft.world.level.levelgen.structure.pools.JigsawPlacement/]: Empty or non-existent pool: minecraft:cook_end_1_pool
[10Aug2025 02:38:05.057] [Worker-Main-2/WARN] [net.minecraft.world.level.levelgen.structure.pools.JigsawPlacement/]: Empty or non-existent pool: minecraft:cook_end_1_pool
[10Aug2025 02:38:09.528] [Server thread/INFO] [net.minecraft.server.MinecraftServer/]: nesblox09 has reached the goal [Here They Come]
[10Aug2025 02:38:09.994] [Server thread/INFO] [net.minecraft.server.MinecraftServer/]: [Not Secure] <Zephyzf> leo?
[10Aug2025 02:38:10.940] [Server thread/INFO] [net.minecraft.server.MinecraftServer/]: [Sofx0Loder: Teleported Sofx0Loder to Zephyzf]
[10Aug2025 02:38:16.445] [Server thread/INFO] [net.minecraft.server.MinecraftServer/]: [Sofx0Loder: Teleported sofiaavigg to sofiaavigg]
[10Aug2025 02:38:19.041] [Server thread/INFO] [net.minecraft.server.MinecraftServer/]: [Sofx0Loder: Teleported sofiaavigg to Sofx0Loder]
[10Aug2025 02:38:22.552] [Server thread/INFO] [net.minecraft.server.MinecraftServer/]: Matthorox has made the advancement [The Cursed Soul]
[10Aug2025 02:38:22.710] [Server thread/INFO] [net.minecraft.server.MinecraftServer/]: Cee_333 has made the advancement [Beginner Breadsmithing]
[10Aug2025 02:38:26.720] [Server thread/INFO] [net.minecraft.server.MinecraftServer/]: [Sofx0Loder: Teleported sofiaavigg to Sofx0Loder]
[10Aug2025 02:38:29.700] [Server thread/INFO] [net.minecraft.server.MinecraftServer/]: [Not Secure] <Sofx0Loder> apreta v
[10Aug2025 02:38:31.471] [Server thread/INFO] [net.minecraft.server.MinecraftServer/]: Cee_333 has made the advancement [Sweet Dreams]
[10Aug2025 02:38:33.048] [Server thread/INFO] [net.minecraft.server.MinecraftServer/]: [Not Secure] <Sofx0Loder> y configura
[10Aug2025 02:38:39.417] [Server thread/INFO] [net.minecraft.server.MinecraftServer/]: [Not Secure] <Sofx0Loder> apreta v
[10Aug2025 02:38:39.825] [Server thread/INFO] [net.minecraft.server.MinecraftServer/]: [Not Secure] <pancho670> yo
[10Aug2025 02:38:40.231] [Server thread/INFO] [net.minecraft.server.MinecraftServer/]: [Not Secure] <Sofx0Loder> y configura
[10Aug2025 02:38:41.109] [Server thread/INFO] [net.minecraft.server.MinecraftServer/]: [Not Secure] <Zephyzf> dale v sofi
[10Aug2025 02:38:41.427] [Server thread/INFO] [net.minecraft.server.MinecraftServer/]: Flancito0_ has made the advancement [Getting an Upgrade]
[10Aug2025 02:38:44.287] [Server thread/INFO] [net.minecraft.server.MinecraftServer/]: ale_kz has made the advancement [Monster Hunter]
[10Aug2025 02:38:44.995] [Server thread/WARN] [net.minecraft.server.MinecraftServer/]: Can't keep up! Is the server overloaded? Running 39768ms or 795 ticks behind
[10Aug2025 02:38:45.260] [Server thread/INFO] [net.minecraft.world.entity.npc.Villager/]: Villager VillagerEntityMCA['Beryl'/1831, l='ServerLevel[medieval]', x=17.65, y=78.00, z=14.48] died, message: 'Beryl hit the ground too hard'
[10Aug2025 02:38:45.261] [Server thread/INFO] [net.minecraft.world.entity.LivingEntity/]: Named entity VillagerEntityMCA['Beryl'/1831, l='ServerLevel[medieval]', x=17.65, y=78.00, z=14.48] died: Beryl fell from a high place
[10Aug2025 02:38:47.322] [Server thread/INFO] [net.minecraft.world.entity.npc.Villager/]: Villager VillagerEntityMCA['Anzor'/5915, l='ServerLevel[medieval]', x=-1211.38, y=117.00, z=905.86] died, message: 'Anzor suffocated in a wall'
[10Aug2025 02:38:47.323] [Server thread/INFO] [net.minecraft.world.entity.LivingEntity/]: Named entity VillagerEntityMCA['Anzor'/5915, l='ServerLevel[medieval]', x=-1211.38, y=117.00, z=905.86] died: Anzor suffocated in a wall
[10Aug2025 02:38:47.682] [Server thread/INFO] [net.minecraft.world.entity.npc.Villager/]: Villager VillagerEntityMCA['Mick'/1333, l='ServerLevel[medieval]', x=83.78, y=72.00, z=181.07] died, message: 'Mick was slain by cambursote'
[10Aug2025 02:38:47.684] [Server thread/INFO] [net.minecraft.world.entity.LivingEntity/]: Named entity VillagerEntityMCA['Mick'/1333, l='ServerLevel[medieval]', x=83.78, y=72.00, z=181.07] died: Mick was slain by cambursote
[10Aug2025 02:38:53.295] [Server thread/INFO] [net.minecraft.server.MinecraftServer/]: Cee_333 was slain by cambursote
[10Aug2025 02:38:53.323] [Server thread/INFO] [tombstone/]: The player Cee_333 has successfully been saved
[10Aug2025 02:38:55.448] [Server thread/INFO] [net.minecraft.server.MinecraftServer/]: Flancito0_ has made the advancement [Knowledge of Death]
[10Aug2025 02:38:55.462] [Server thread/INFO] [net.minecraft.server.MinecraftServer/]: Flancito0_ has made the advancement [Funeral Theft]
[10Aug2025 02:39:12.373] [Worker-Main-2/WARN] [net.minecraft.world.entity.EntityType/]: Skipping Entity with id aquaculture:arrau_turtle
[10Aug2025 02:39:12.374] [Worker-Main-2/WARN] [net.minecraft.world.entity.decoration.ItemFrame/]: Unable to load item from: {Count:1b,id:"aquaculture:box_turtle"}
[10Aug2025 02:39:12.374] [Worker-Main-2/WARN] [net.minecraft.world.entity.decoration.ItemFrame/]: Unable to load item from: {Count:1b,id:"aquaculture:starshell_turtle"}
[10Aug2025 02:39:12.374] [Worker-Main-2/WARN] [net.minecraft.world.entity.decoration.ItemFrame/]: Unable to load item from: {Count:1b,id:"aquaculture:arrau_turtle"}
[10Aug2025 02:39:12.375] [Worker-Main-2/WARN] [net.minecraft.world.entity.EntityType/]: Skipping Entity with id aquaculture:box_turtle
[10Aug2025 02:39:12.375] [Worker-Main-2/WARN] [net.minecraft.world.entity.EntityType/]: Skipping Entity with id aquaculture:box_turtle
[10Aug2025 02:39:12.375] [Worker-Main-2/WARN] [net.minecraft.world.entity.EntityType/]: Skipping Entity with id aquaculture:box_turtle
[10Aug2025 02:39:12.375] [Worker-Main-2/WARN] [net.minecraft.world.entity.EntityType/]: Skipping Entity with id aquaculture:box_turtle
[10Aug2025 02:39:12.375] [Worker-Main-2/WARN] [net.minecraft.world.entity.EntityType/]: Skipping Entity with id aquaculture:box_turtle
[10Aug2025 02:39:12.375] [Worker-Main-2/WARN] [net.minecraft.world.entity.EntityType/]: Skipping Entity with id aquaculture:box_turtle
[10Aug2025 02:39:12.375] [Worker-Main-2/WARN] [net.minecraft.world.entity.EntityType/]: Skipping Entity with id aquaculture:box_turtle
[10Aug2025 02:39:12.375] [Worker-Main-2/WARN] [net.minecraft.world.entity.decoration.ItemFrame/]: Unable to load item from: {Count:1b,id:"aquaculture:iron_fillet_knife",tag:{Damage:0}}
[10Aug2025 02:39:12.375] [Worker-Main-2/WARN] [net.minecraft.world.entity.decoration.ItemFrame/]: Unable to load item from: {Count:1b,id:"aquaculturedelight:turtle_meat_dish"}
[10Aug2025 02:39:12.375] [Worker-Main-2/WARN] [net.minecraft.world.entity.decoration.ItemFrame/]: Unable to load item from: {Count:1b,id:"aquaculturedelight:turtle_meat_dish"}
[10Aug2025 02:39:12.376] [Worker-Main-2/WARN] [net.minecraft.world.entity.EntityType/]: Skipping Entity with id aquaculture:arrau_turtle
[10Aug2025 02:39:12.376] [Worker-Main-2/WARN] [net.minecraft.world.entity.EntityType/]: Skipping Entity with id aquaculture:arrau_turtle
[10Aug2025 02:39:12.376] [Worker-Main-2/WARN] [net.minecraft.world.entity.EntityType/]: Skipping Entity with id aquaculture:arrau_turtle
[10Aug2025 02:39:12.376] [Worker-Main-2/WARN] [net.minecraft.world.entity.EntityType/]: Skipping Entity with id aquaculture:arrau_turtle
[10Aug2025 02:39:19.696] [Server thread/INFO] [net.minecraft.server.players.PlayerList/]: ekaki_750[/127.239.67.191:59909] logged in with entity id 6593 at (-136.92369224055517, 76.0, 518.2883934060002)
[10Aug2025 02:39:19.711] [Server thread/INFO] [ModernFix/]: Using enhanced recipe sync for player ekaki_750
[10Aug2025 02:39:19.712] [Server thread/INFO] [net.minecraft.server.MinecraftServer/]: ekaki_750 joined the game
[10Aug2025 02:39:20.145] [Server thread/INFO] [Jade/]: Syncing config to ekaki_750 (5d1dae79-36a3-31cd-8d1e-284cce79e734)
[10Aug2025 02:39:22.698] [Server thread/INFO] [voicechat/]: [voicechat] Received secret request of ekaki_750 (18)
[10Aug2025 02:39:22.698] [Server thread/INFO] [voicechat/]: [voicechat] Sent secret to ekaki_750
[10Aug2025 02:39:30.346] [VoiceChatPacketProcessingThread/INFO] [voicechat/]: [voicechat] Successfully authenticated player 5d1dae79-36a3-31cd-8d1e-284cce79e734
[10Aug2025 02:39:31.594] [VoiceChatPacketProcessingThread/INFO] [voicechat/]: [voicechat] Successfully validated connection of player 5d1dae79-36a3-31cd-8d1e-284cce79e734
[10Aug2025 02:39:31.596] [VoiceChatPacketProcessingThread/INFO] [voicechat/]: [voicechat] Player ekaki_750 (5d1dae79-36a3-31cd-8d1e-284cce79e734) successfully connected to voice chat
[10Aug2025 02:39:32.206] [Server thread/INFO] [net.minecraft.server.MinecraftServer/]: [Not Secure] <pancho670> rompe el spawner Proder
[10Aug2025 02:39:37.299] [Server thread/WARN] [net.minecraft.server.MinecraftServer/]: Can't keep up! Is the server overloaded? Running 37322ms or 746 ticks behind
[10Aug2025 02:39:59.022] [Server thread/INFO] [net.minecraft.server.MinecraftServer/]: [Not Secure] <sofiaavigg> ya
[10Aug2025 02:40:09.739] [Server thread/INFO] [net.minecraft.server.MinecraftServer/]: [Not Secure] <sofiaavigg> ya va
[10Aug2025 02:40:15.928] [Server thread/INFO] [net.minecraft.server.MinecraftServer/]: cambursote has made the advancement [Acquire Hardware]
[10Aug2025 02:40:29.900] [Server thread/WARN] [net.minecraft.server.MinecraftServer/]: Can't keep up! Is the server overloaded? Running 37623ms or 752 ticks behind
[10Aug2025 02:40:44.624] [Server thread/INFO] [net.minecraft.server.MinecraftServer/]: Cee_333 has made the advancement [Knowledge of Death]
[10Aug2025 02:40:44.624] [Server thread/INFO] [net.minecraft.server.MinecraftServer/]: Cee_333 has made the advancement [Ambush]
[10Aug2025 02:40:52.720] [Server thread/INFO] [net.minecraft.server.MinecraftServer/]: Zephyzf has made the advancement [Knowledge of Death]
[10Aug2025 02:40:52.721] [Server thread/INFO] [net.minecraft.server.MinecraftServer/]: Zephyzf has made the advancement [Ambush]
[10Aug2025 02:40:52.721] [Server thread/INFO] [net.minecraft.server.MinecraftServer/]: Zephyzf has made the advancement [Monster Hunter]
[10Aug2025 02:41:06.135] [Server thread/INFO] [net.minecraft.server.MinecraftServer/]: [Not Secure] <Proder> porque no regenera los corazones
[10Aug2025 02:41:10.356] [Server thread/INFO] [net.minecraft.server.MinecraftServer/]: cambursote has made the advancement [Sweet Dreams]
[10Aug2025 02:41:15.064] [Server thread/INFO] [net.minecraft.world.entity.npc.Villager/]: Villager VillagerEntityMCA['Lolita'/6007, l='ServerLevel[medieval]', x=-1115.43, y=107.50, z=898.16] died, message: 'Lolita was slain by Zombie'
[10Aug2025 02:41:15.065] [Server thread/INFO] [net.minecraft.world.entity.LivingEntity/]: Named entity VillagerEntityMCA['Lolita'/6007, l='ServerLevel[medieval]', x=-1115.43, y=107.50, z=898.16] died: Lolita was slain by Zombie
[10Aug2025 02:41:16.310] [Server thread/INFO] [net.minecraft.server.MinecraftServer/]: cambursote was slain by Cee_333
[10Aug2025 02:41:16.330] [Server thread/INFO] [tombstone/]: The player cambursote has successfully been saved
[10Aug2025 02:41:16.529] [Server thread/WARN] [net.minecraft.server.network.ServerGamePacketListenerImpl/]: ekaki_750 moved too quickly! 10.055046771175427,0.02442408821369213,1.428578411594799
[10Aug2025 02:41:22.150] [Server thread/INFO] [net.minecraft.server.MinecraftServer/]: [Not Secure] <cambursote> CHUPAME LA PIJA GORDA TROLAA
[10Aug2025 02:41:25.499] [Server thread/WARN] [net.minecraft.server.MinecraftServer/]: Can't keep up! Is the server overloaded? Running 40622ms or 812 ticks behind
[10Aug2025 02:41:28.431] [Server thread/INFO] [net.minecraft.world.entity.npc.Villager/]: Villager VillagerEntityMCA['Tamta'/5916, l='ServerLevel[medieval]', x=-1185.72, y=120.00, z=866.72] died, message: 'Tamta was slain by Zombie'
[10Aug2025 02:41:28.432] [Server thread/INFO] [net.minecraft.world.entity.LivingEntity/]: Named entity VillagerEntityMCA['Tamta'/5916, l='ServerLevel[medieval]', x=-1185.72, y=120.00, z=866.72] died: Tamta was slain by Zombie
[10Aug2025 02:41:34.656] [Server thread/INFO] [net.minecraft.server.MinecraftServer/]: therealgrass has made the advancement [Sweet Dreams]
[10Aug2025 02:41:35.428] [Server thread/INFO] [net.minecraft.server.MinecraftServer/]: pancho670 has made the advancement [Monster Hunter]
[10Aug2025 02:41:38.741] [Server thread/INFO] [net.minecraft.world.entity.npc.Villager/]: Villager VillagerEntityMCA['Mzia'/6008, l='ServerLevel[medieval]', x=-1111.91, y=107.00, z=904.09] died, message: 'Mzia was slain by Zombie'
[10Aug2025 02:41:38.742] [Server thread/INFO] [net.minecraft.world.entity.LivingEntity/]: Named entity VillagerEntityMCA['Mzia'/6008, l='ServerLevel[medieval]', x=-1111.91, y=107.00, z=904.09] died: Mzia was slain by Zombie
[10Aug2025 02:41:38.799] [Server thread/INFO] [net.minecraft.server.MinecraftServer/]: [Not Secure] <therealgrass> duerman
[10Aug2025 02:41:42.692] [Server thread/INFO] [net.minecraft.server.MinecraftServer/]: [Not Secure] <nesblox09> duerman
[10Aug2025 02:41:42.888] [Server thread/INFO] [net.minecraft.server.MinecraftServer/]: cambursote has made the advancement [Ambush]
[10Aug2025 02:41:42.909] [Server thread/INFO] [net.minecraft.server.MinecraftServer/]: [Not Secure] <KarmaTv> Insultar no te hace cool cambur
[10Aug2025 02:41:50.144] [Server thread/INFO] [net.minecraft.server.MinecraftServer/]: ale_kz has made the advancement [Crops of the Wild]
[10Aug2025 02:41:52.222] [Server thread/INFO] [forge.net.mca.MCA/]: literal{Nelly}[style={}] has been infected
[10Aug2025 02:41:54.256] [Server thread/INFO] [net.minecraft.server.MinecraftServer/]: [Not Secure] <Flancito0_> no todos tenemos cama
[10Aug2025 02:41:58.244] [Server thread/WARN] [net.minecraft.server.network.ServerGamePacketListenerImpl/]: Proder moved wrongly!
[10Aug2025 02:42:02.491] [Server thread/INFO] [net.minecraft.server.MinecraftServer/]: [Not Secure] <therealgrass> joda
[10Aug2025 02:42:03.356] [Server thread/INFO] [net.minecraft.server.MinecraftServer/]: Matthorox has made the advancement [Knowledge of Death]
[10Aug2025 02:42:03.357] [Server thread/INFO] [net.minecraft.server.MinecraftServer/]: Matthorox has made the advancement [Ambush]
[10Aug2025 02:42:03.357] [Server thread/INFO] [net.minecraft.world.entity.LivingEntity/]: Named entity Vindicator['Gunnarr'/1022, l='ServerLevel[medieval]', x=57.72, y=64.00, z=481.74] died: Gunnarr was slain by Matthorox
[10Aug2025 02:42:20.842] [Server thread/WARN] [net.minecraft.server.MinecraftServer/]: Can't keep up! Is the server overloaded? Running 40365ms or 807 ticks behind
[10Aug2025 02:42:22.274] [Server thread/INFO] [net.minecraft.server.MinecraftServer/]: therealgrass has made the advancement [Beginner Breadsmithing]
[10Aug2025 02:42:23.642] [Server thread/INFO] [net.minecraft.server.MinecraftServer/]: therealgrass has made the advancement [Crops of the Wild]
[10Aug2025 02:42:33.588] [Server thread/INFO] [net.minecraft.server.MinecraftServer/]: KarmaTv has made the advancement [Knowledge of Death]
[10Aug2025 02:42:33.589] [Server thread/INFO] [net.minecraft.server.MinecraftServer/]: KarmaTv has made the advancement [Ambush]
[10Aug2025 02:42:33.589] [Server thread/INFO] [net.minecraft.server.MinecraftServer/]: KarmaTv has made the advancement [Monster Hunter]
[10Aug2025 02:42:35.779] [Server thread/INFO] [net.minecraft.server.MinecraftServer/]: Matthorox has made the advancement [Local Brewery]
[10Aug2025 02:42:38.319] [Server thread/INFO] [net.minecraft.world.entity.npc.Villager/]: Villager VillagerEntityMCA['Davin'/2701, l='ServerLevel[medieval]', x=18.00, y=91.00, z=-10.24] died, message: 'Davin hit the ground too hard'
[10Aug2025 02:42:38.320] [Server thread/INFO] [net.minecraft.world.entity.LivingEntity/]: Named entity VillagerEntityMCA['Davin'/2701, l='ServerLevel[medieval]', x=18.00, y=91.00, z=-10.24] died: Davin fell from a high place
[10Aug2025 02:42:39.614] [Server thread/INFO] [net.minecraft.server.MinecraftServer/]: ale_kz was slain by Gunnarr
[10Aug2025 02:42:39.730] [Server thread/INFO] [tombstone/]: The player ale_kz has successfully been saved
[10Aug2025 02:42:56.068] [Server thread/INFO] [net.minecraft.server.MinecraftServer/]: [Not Secure] <sofiaavigg> lo se
[10Aug2025 02:42:57.244] [Server thread/WARN] [net.minecraft.server.network.ServerGamePacketListenerImpl/]: cambursote moved wrongly!
[10Aug2025 02:43:01.676] [Server thread/INFO] [net.minecraft.server.MinecraftServer/]: [Not Secure] <sofiaavigg> vino mi mama
[10Aug2025 02:43:10.347] [Server thread/INFO] [net.minecraft.world.entity.LivingEntity/]: Named entity Vindicator['Gunnarr'/1019, l='ServerLevel[medieval]', x=59.36, y=64.09, z=482.07] died: Gunnarr was slain by KarmaTv
[10Aug2025 02:43:10.576] [Server thread/INFO] [net.minecraft.server.MinecraftServer/]: [Not Secure] <ekaki_750> server de mierda ojala lo borren
[10Aug2025 02:43:16.076] [Server thread/WARN] [net.minecraft.server.MinecraftServer/]: Can't keep up! Is the server overloaded? Running 40249ms or 804 ticks behind
[10Aug2025 02:43:19.139] [Server thread/WARN] [net.minecraft.server.network.ServerGamePacketListenerImpl/]: cambursote moved wrongly!
[10Aug2025 02:43:19.298] [Server thread/INFO] [net.minecraft.server.MinecraftServer/]: [Not Secure] <Sofx0Loder> andate si queres
[10Aug2025 02:43:24.751] [Server thread/INFO] [net.minecraft.server.MinecraftServer/]: [Not Secure] <sofiaavigg> vacie
[10Aug2025 02:43:38.750] [Server thread/INFO] [net.minecraft.server.MinecraftServer/]: zuhazana_fr died because of ale_kz
[10Aug2025 02:43:38.782] [Server thread/INFO] [tombstone/]: The player zuhazana_fr has successfully been saved
[10Aug2025 02:43:41.332] [Server thread/INFO] [net.minecraft.server.MinecraftServer/]: [Not Secure] <nesblox09> XDD
[10Aug2025 02:43:52.331] [Server thread/INFO] [net.minecraft.server.MinecraftServer/]: therealgrass has made the advancement [Isn't It Iron Pick]
[10Aug2025 02:44:01.620] [Server thread/INFO] [net.minecraft.server.MinecraftServer/]: ekaki_750 has made the advancement [Sweet Dreams]
[10Aug2025 02:44:03.246] [Server thread/INFO] [net.minecraft.server.MinecraftServer/]: [Not Secure] <nesblox09> se murio por pete
[10Aug2025 02:44:09.870] [Server thread/INFO] [net.minecraft.server.players.PlayerList/]: ReyexXM[/127.94.171.27:60853] logged in with entity id 9189 at (-126.30000001192093, 61.0, 393.30000001192093)
[10Aug2025 02:44:09.885] [Server thread/INFO] [ModernFix/]: Using enhanced recipe sync for player ReyexXM
[10Aug2025 02:44:09.887] [Server thread/INFO] [net.minecraft.server.MinecraftServer/]: ReyexXM joined the game
[10Aug2025 02:44:10.571] [Server thread/INFO] [Jade/]: Syncing config to ReyexXM (7fb1bca5-b988-361e-8250-327489fb34bd)
[10Aug2025 02:44:11.623] [Server thread/INFO] [citadel/]: vanilla surface rule behavior unchanged
[10Aug2025 02:44:15.195] [Server thread/INFO] [net.minecraft.server.MinecraftServer/]: therealgrass has made the advancement [Acquire Hardware]
[10Aug2025 02:44:15.224] [Server thread/INFO] [net.minecraft.server.MinecraftServer/]: [Not Secure] <Proder> la regeneracion no esta activada Sofx0Loder
[10Aug2025 02:44:15.812] [Server thread/WARN] [net.minecraft.server.MinecraftServer/]: Can't keep up! Is the server overloaded? Running 44785ms or 895 ticks behind
[10Aug2025 02:44:22.151] [Server thread/INFO] [voicechat/]: [voicechat] Received secret request of ReyexXM (18)
[10Aug2025 02:44:22.152] [Server thread/INFO] [voicechat/]: [voicechat] Sent secret to ReyexXM
[10Aug2025 02:44:24.363] [Server thread/INFO] [net.minecraft.server.MinecraftServer/]: [Not Secure] <Sofx0Loder> como?
[10Aug2025 02:44:31.149] [Server thread/INFO] [net.minecraft.server.MinecraftServer/]: Stopping server
[10Aug2025 02:44:31.149] [Server thread/INFO] [net.minecraft.server.MinecraftServer/]: Saving players
[10Aug2025 02:44:31.206] [Server thread/INFO] [net.minecraft.server.network.ServerGamePacketListenerImpl/]: Sofx0Loder lost connection: Server closed
[10Aug2025 02:44:31.206] [Server thread/INFO] [net.minecraft.server.MinecraftServer/]: Sofx0Loder left the game
[10Aug2025 02:44:31.211] [Server thread/INFO] [net.minecraft.server.network.ServerGamePacketListenerImpl/]: pancho670 lost connection: Server closed
[10Aug2025 02:44:31.211] [Server thread/INFO] [net.minecraft.server.MinecraftServer/]: pancho670 left the game
[10Aug2025 02:44:31.216] [Server thread/INFO] [net.minecraft.server.network.ServerGamePacketListenerImpl/]: Matthorox lost connection: Server closed
[10Aug2025 02:44:31.216] [Server thread/INFO] [net.minecraft.server.MinecraftServer/]: Matthorox left the game
[10Aug2025 02:44:31.221] [Server thread/INFO] [net.minecraft.server.network.ServerGamePacketListenerImpl/]: therealgrass lost connection: Server closed
[10Aug2025 02:44:31.221] [Server thread/INFO] [net.minecraft.server.MinecraftServer/]: therealgrass left the game
[10Aug2025 02:44:31.227] [Server thread/INFO] [net.minecraft.server.network.ServerGamePacketListenerImpl/]: cambursote lost connection: Server closed
[10Aug2025 02:44:31.227] [Server thread/INFO] [net.minecraft.server.MinecraftServer/]: cambursote left the game
[10Aug2025 02:44:31.237] [Server thread/INFO] [net.minecraft.server.network.ServerGamePacketListenerImpl/]: zuhazana_fr lost connection: Server closed
[10Aug2025 02:44:31.237] [Server thread/INFO] [net.minecraft.server.MinecraftServer/]: zuhazana_fr left the game
[10Aug2025 02:44:31.242] [Server thread/INFO] [net.minecraft.server.MinecraftServer/]: Saving worlds
[10Aug2025 02:44:37.057] [Server thread/INFO] [net.minecraft.server.MinecraftServer/]: Saving chunks for level 'ServerLevel[medieval]'/minecraft:overworld
[10Aug2025 02:44:47.484] [Server thread/INFO] [net.minecraft.server.MinecraftServer/]: Saving chunks for level 'ServerLevel[medieval]'/minecraft:the_nether
[10Aug2025 02:44:47.485] [Server thread/INFO] [net.minecraft.server.MinecraftServer/]: Saving chunks for level 'ServerLevel[medieval]'/minecraft:the_end
[10Aug2025 02:44:47.568] [Server thread/INFO] [net.minecraft.server.MinecraftServer/]: ThreadedAnvilChunkStorage (medieval): All chunks are saved
[10Aug2025 02:44:47.568] [Server thread/INFO] [net.minecraft.server.MinecraftServer/]: ThreadedAnvilChunkStorage (DIM-1): All chunks are saved
[10Aug2025 02:44:47.568] [Server thread/INFO] [net.minecraft.server.MinecraftServer/]: ThreadedAnvilChunkStorage (DIM1): All chunks are saved
[10Aug2025 02:44:47.568] [Server thread/INFO] [net.minecraft.server.MinecraftServer/]: ThreadedAnvilChunkStorage: All dimensions are saved
[10Aug2025 02:44:47.623] [Server thread/INFO] [Framework/]: Unloading server configs...
[10Aug2025 02:44:47.624] [Server thread/INFO] [Framework/]: Sending config unload event for goblintraders-entities.toml
[10Aug2025 02:44:47.626] [Server thread/INFO] [Framework/]: Finished unloading server configs
